DATA_TYPE,CR_NUMBER,STN_NUMBER,CLCM,IST$,OID$,PFR$,REP$,SER1,WWCD,ATMS,BATH,BTC1,BTR1,BTS1,CCVR,CLCM,DRYT,OLP$,SCR$,SOU$,SWDR,SWHT,SWPR,VDIR,VEST,VPER,WDIR,WETT,WSPD,WWCD,OBS_YEAR,OBS_MONTH,OBS_DAY,OBS_TIME,Q_DATE_TIME,LONGITUDE (+E),LATITUDE (+N),Q_POS
MB,180056049,845,,,,,,,,NaN,NaN,NaN,NaN,NaN,NaN,NaN,NaN,NaN,NaN,NaN,NaN,NaN,NaN,NaN,NaN,NaN,NaN,NaN,NaN,NaN,1956,6,20,1150,1,-56.1333,47.7166,1
MB,180056049,965,,,,,,,,NaN,NaN,NaN,NaN,NaN,NaN,NaN,NaN,NaN,NaN,NaN,NaN,NaN,NaN,NaN,NaN,NaN,NaN,NaN,NaN,NaN,1956,6,20,1340,1,-55.9833,47.7333,1
MB,180056049,964,,,,,,,,NaN,NaN,NaN,NaN,NaN,NaN,NaN,NaN,NaN,NaN,NaN,NaN,NaN,NaN,NaN,NaN,NaN,NaN,NaN,NaN,NaN,1956,6,20,1735,1,-55.8666,47.7166,1
MB,180056049,963,,,,,,,,NaN,NaN,NaN,NaN,NaN,NaN,NaN,NaN,NaN,NaN,NaN,NaN,NaN,NaN,NaN,NaN,NaN,NaN,NaN,NaN,NaN,1956,6,22,1255,1,-55.7666,47.6333,1
MB,180056049,793,,,,,,,,NaN,NaN,NaN,NaN,NaN,NaN,NaN,NaN,NaN,NaN,NaN,NaN,NaN,NaN,NaN,NaN,NaN,NaN,NaN,NaN,NaN,1956,7,19,2250,1,-56.0833,47.6833,1
MB,180056049,757,,,,,,,,NaN,NaN,NaN,NaN,NaN,NaN,NaN,NaN,NaN,NaN,NaN,NaN,NaN,NaN,NaN,NaN,NaN,NaN,NaN,NaN,NaN,1956,7,24,1230,1,-56.1333,47.7166,1
MB,180056049,937,,,,,,,,NaN,NaN,NaN,NaN,NaN,NaN,NaN,NaN,NaN,NaN,NaN,NaN,NaN,NaN,NaN,NaN,NaN,NaN,NaN,NaN,NaN,1956,7,24,1345,1,-55.9833,47.7333,1
MB,180056049,936,,,,,,,,NaN,NaN,NaN,NaN,NaN,NaN,NaN,NaN,NaN,NaN,NaN,NaN,NaN,NaN,NaN,NaN,NaN,NaN,NaN,NaN,NaN,1956,7,24,1455,1,-55.8666,47.7166,1
MB,180056049,741,,,,,,,,NaN,NaN,NaN,NaN,NaN,NaN,NaN,NaN,NaN,NaN,NaN,NaN,NaN,NaN,NaN,NaN,NaN,NaN,NaN,NaN,NaN,1956,8,23,1755,1,-56.1333,47.7166,1
MB,180056049,902,,,,,,,,NaN,NaN,NaN,NaN,NaN,NaN,NaN,NaN,NaN,NaN,NaN,NaN,NaN,NaN,NaN,NaN,NaN,NaN,NaN,NaN,NaN,1956,8,23,1925,1,-55.8666,47.7166,1
MB,180056049,901,,,,,,,,NaN,NaN,NaN,NaN,NaN,NaN,NaN,NaN,NaN,NaN,NaN,NaN,NaN,NaN,NaN,NaN,NaN,NaN,NaN,NaN,NaN,1956,8,23,2035,1,-55.9833,47.7333,1
MB,180057049,745,,,,,,,,NaN,NaN,NaN,NaN,NaN,NaN,NaN,NaN,NaN,NaN,NaN,NaN,NaN,NaN,NaN,NaN,NaN,NaN,NaN,NaN,NaN,1957,8,13,1905,1,-56.1666,47.85,4
MB,180057049,929,,,,,,,,NaN,NaN,NaN,NaN,NaN,NaN,NaN,NaN,NaN,NaN,NaN,NaN,NaN,NaN,NaN,NaN,NaN,NaN,NaN,NaN,NaN,1957,8,14,1240,1,-55.8833,47.7833,1
MB,180057049,928,,,,,,,,NaN,NaN,NaN,NaN,NaN,NaN,NaN,NaN,NaN,NaN,NaN,NaN,NaN,NaN,NaN,NaN,NaN,NaN,NaN,NaN,NaN,1957,8,14,1600,1,-55.7833,47.85,1
MB,180057049,903,,,,,,,,NaN,NaN,NaN,NaN,NaN,NaN,NaN,NaN,NaN,NaN,NaN,NaN,NaN,NaN,NaN,NaN,NaN,NaN,NaN,NaN,NaN,1957,8,22,1500,1,-55.7333,47.65,1
MB,180057049,885,,,,,,,,NaN,NaN,NaN,NaN,NaN,NaN,NaN,NaN,NaN,NaN,NaN,NaN,NaN,NaN,NaN,NaN,NaN,NaN,NaN,NaN,NaN,1957,8,28,1445,1,-55.85,47.7833,1
MB,180057049,884,,,,,,,,NaN,NaN,NaN,NaN,NaN,NaN,NaN,NaN,NaN,NaN,NaN,NaN,NaN,NaN,NaN,NaN,NaN,NaN,NaN,NaN,NaN,1957,8,28,1730,1,-55.9333,47.7166,1
MB,180057049,731,,,,,,,,NaN,NaN,NaN,NaN,NaN,NaN,NaN,NaN,NaN,NaN,NaN,NaN,NaN,NaN,NaN,NaN,NaN,NaN,NaN,NaN,NaN,1957,8,29,1355,1,-56.15,47.7833,1
MB,180060017,136,,,,,,,,NaN,NaN,NaN,NaN,NaN,NaN,NaN,NaN,NaN,NaN,NaN,NaN,NaN,NaN,NaN,NaN,NaN,NaN,NaN,NaN,NaN,1960,6,26,2207,1,-56.0333,47.6666,1
MB,180060017,135,,,,,,,,NaN,NaN,NaN,NaN,NaN,NaN,NaN,NaN,NaN,NaN,NaN,NaN,NaN,NaN,NaN,NaN,NaN,NaN,NaN,NaN,NaN,1960,6,26,2215,1,-56.1166,47.6666,1
MB,180060017,133,,,,,,,,NaN,NaN,NaN,NaN,NaN,NaN,NaN,NaN,NaN,NaN,NaN,NaN,NaN,NaN,NaN,NaN,NaN,NaN,NaN,NaN,NaN,1960,6,26,2245,1,-56.15,47.65,1
MB,180567019,3,,,,,,,,98,NaN,NaN,NaN,NaN,NaN,9,2.9,NaN,NaN,40,NaN,NaN,NaN,NaN,NaN,NaN,250,2.6,3,NaN,1967,5,14,1745,1,-55.8666,47.7666,1
BO,181069032,33,,,33,,,,,NaN,NaN,NaN,NaN,NaN,NaN,NaN,NaN,NaN,NaN,101,NaN,NaN,NaN,NaN,NaN,NaN,NaN,NaN,NaN,NaN,1969,6,26,2102,1,-56.1383,47.65,1
BO,181069032,34,,,34,,,,,NaN,NaN,NaN,NaN,NaN,NaN,NaN,NaN,NaN,NaN,668,NaN,NaN,NaN,NaN,NaN,NaN,NaN,NaN,NaN,NaN,1969,6,26,2200,1,-56.1266,47.6516,1
BO,181069032,35,,,35,,,,,NaN,NaN,NaN,NaN,NaN,NaN,NaN,NaN,NaN,NaN,183,NaN,NaN,NaN,NaN,NaN,NaN,NaN,NaN,NaN,NaN,1969,6,26,2352,1,-56.1166,47.65,1
BO,181069032,36,,,36,,,,,NaN,NaN,NaN,NaN,NaN,NaN,NaN,NaN,NaN,NaN,714,NaN,NaN,NaN,NaN,NaN,NaN,NaN,NaN,NaN,NaN,1969,6,27,117,1,-56.1233,47.6766,1
BO,181069032,37,,,37,,,,,NaN,NaN,NaN,NaN,NaN,NaN,NaN,NaN,NaN,NaN,310,NaN,NaN,NaN,NaN,NaN,NaN,NaN,NaN,NaN,NaN,1969,6,27,2002,1,-56.14,47.7983,1
BO,181069032,38,,,38,,,,,NaN,NaN,NaN,NaN,NaN,NaN,NaN,NaN,NaN,NaN,150,NaN,NaN,NaN,NaN,NaN,NaN,NaN,NaN,NaN,NaN,1969,6,27,2213,1,-56.0966,47.7483,1
BO,181069032,39,,,39,,,,,NaN,NaN,NaN,NaN,NaN,NaN,NaN,NaN,NaN,NaN,337,NaN,NaN,NaN,NaN,NaN,NaN,NaN,NaN,NaN,NaN,1969,6,28,2204,1,-56.0333,47.695,1
BO,181069032,40,,,40,,,,,NaN,NaN,NaN,NaN,NaN,NaN,NaN,NaN,NaN,NaN,219,NaN,NaN,NaN,NaN,NaN,NaN,NaN,NaN,NaN,NaN,1969,6,29,116,1,-55.91,47.7116,1
BO,181069032,41,,,41,,,,,NaN,NaN,NaN,NaN,NaN,NaN,NaN,NaN,NaN,NaN,161,NaN,NaN,NaN,NaN,NaN,NaN,NaN,NaN,NaN,NaN,1969,6,29,1140,1,-55.8433,47.8216,1
BO,181069032,42,,,42,,,,,NaN,NaN,NaN,NaN,NaN,NaN,NaN,NaN,NaN,NaN,148,NaN,NaN,NaN,NaN,NaN,NaN,NaN,NaN,NaN,NaN,1969,6,29,1244,1,-55.8433,47.785,1
BO,181069032,43,,,43,,,,,NaN,NaN,NaN,NaN,NaN,NaN,NaN,NaN,NaN,NaN,182,NaN,NaN,NaN,NaN,NaN,NaN,NaN,NaN,NaN,NaN,1969,6,29,1354,1,-55.9016,47.7666,1
BO,181069032,44,,,44,,,,,NaN,NaN,NaN,NaN,NaN,NaN,NaN,NaN,NaN,NaN,256,NaN,NaN,NaN,NaN,NaN,NaN,NaN,NaN,NaN,NaN,1969,6,29,1506,1,-55.985,47.7516,1
MB,180569017,12,,,,,,,,30,NaN,NaN,NaN,NaN,NaN,5,11.7,NaN,NaN,512,NaN,NaN,NaN,NaN,NaN,NaN,320,10,1,3,1969,9,30,1245,1,-56.1,47.6833,1
MB,180573005,6,,,,,,,,40,NaN,NaN,NaN,NaN,NaN,8,1.1,NaN,NaN,32,NaN,NaN,NaN,NaN,NaN,NaN,240,0.6,7,2,1973,2,14,1745,1,-56.1666,47.7,1
BO,18DA74038 ,14,,,,,,,,NaN,NaN,NaN,NaN,NaN,NaN,NaN,NaN,9.5,NaN,NaN,NaN,NaN,NaN,NaN,NaN,NaN,NaN,NaN,NaN,NaN,1974,8,2,530,1,-56.1333,47.6833,1
BO,18DA74028 ,17,,,,,,,,NaN,790,NaN,NaN,NaN,NaN,NaN,NaN,NaN,NaN,NaN,NaN,NaN,NaN,NaN,NaN,NaN,NaN,NaN,NaN,NaN,1974,8,2,535,1,-56.1283,47.6783,1
MB,180578028,1,,,8,,,,,1020,NaN,-0.1,14.8,NaN,NaN,NaN,15.5,NaN,NaN,353,NaN,NaN,NaN,NaN,NaN,NaN,180,14,1,NaN,1978,9,2,1345,1,-56.05,47.7,1
MB,180578028,2,,,9,,,,,1020,NaN,-0.1,15.7,15.7,NaN,NaN,18.4,NaN,NaN,380,NaN,NaN,NaN,NaN,NaN,NaN,270,16,5,NaN,1978,9,2,1800,1,-56.0333,47.6833,1
MB,180578028,3,,,11,,,,,1020,NaN,0,15.7,15.5,NaN,NaN,20.5,NaN,NaN,183,NaN,NaN,NaN,NaN,NaN,NaN,270,13.4,5,NaN,1978,9,2,2035,1,-55.9167,47.7667,1
MB,180578028,4,,,5,,,,,1010,NaN,-0.1,14.6,14.6,NaN,NaN,19.5,NaN,NaN,274,NaN,NaN,NaN,NaN,NaN,NaN,270,15.4,5,NaN,1978,9,3,1540,1,-56.15,47.8167,1
MB,180578028,5,,,4,,,,,NaN,NaN,-0.1,15.2,15.1,NaN,NaN,20.5,NaN,NaN,457,NaN,NaN,NaN,NaN,NaN,NaN,NaN,17.2,5,NaN,1978,9,3,1800,1,-56.15,47.8,1
MB,180578028,6,,,13,,,,,1010,NaN,-0.1,15.7,15.9,NaN,NaN,17.3,NaN,NaN,238,NaN,NaN,NaN,NaN,NaN,NaN,0,16.2,0,NaN,1978,9,4,1240,1,-55.9167,47.7167,1
MB,180578028,7,,,14,,,,,1010,NaN,-0.1,15.5,NaN,NaN,NaN,14,NaN,NaN,183,NaN,NaN,NaN,NaN,NaN,NaN,0,12.5,5,NaN,1978,9,4,1425,1,-55.9,47.7167,1
MB,180578028,8,,,18,,,,,1006,NaN,0.2,14.3,14.3,NaN,NaN,10.5,NaN,NaN,11,NaN,NaN,NaN,NaN,NaN,NaN,0,10,1,NaN,1978,9,5,1330,1,-55.7833,47.9,1
MB,180578028,9,,,17,,,,,1007,NaN,0.2,14.4,14.4,NaN,NaN,12.9,NaN,NaN,46,NaN,NaN,NaN,NaN,NaN,NaN,0,11,0,NaN,1978,9,5,1700,1,-55.9167,47.8833,1
MB,180578028,10,,,16,,,,,1010,NaN,-0.1,13.4,13.8,NaN,NaN,12.5,NaN,NaN,141,NaN,NaN,NaN,NaN,NaN,NaN,0,10.4,3,NaN,1978,9,6,1415,1,-55.8333,47.8333,1
MB,180578028,11,,,12,,,,,1012,NaN,0.2,14.3,14,NaN,NaN,12.1,NaN,NaN,18,NaN,NaN,NaN,NaN,NaN,NaN,0,10,1,NaN,1978,9,6,1915,1,-55.8667,47.8,1
MB,180578028,12,,,15,,,,,1011,NaN,0,12.5,12.8,NaN,NaN,9.4,NaN,NaN,91,NaN,NaN,NaN,NaN,NaN,NaN,300,8.3,5,NaN,1978,9,7,1230,1,-55.85,47.7667,1
MB,180578028,13,,,7,,,,,1016,NaN,0.2,12.9,12.2,NaN,NaN,11.5,NaN,NaN,15,NaN,NaN,NaN,NaN,NaN,NaN,0,10.5,7,NaN,1978,9,8,1415,1,-56.0667,47.7833,1
MB,180578028,14,,,6,,,,,1017,NaN,-0.1,13.3,NaN,NaN,NaN,12.5,NaN,NaN,161,NaN,NaN,NaN,NaN,NaN,NaN,0,10.4,5,NaN,1978,9,8,1550,1,-56.1,47.75,1
MB,180578028,15,,,3,,,,,1018,NaN,-0.1,13.4,NaN,NaN,NaN,12.6,NaN,NaN,823,NaN,NaN,NaN,NaN,NaN,NaN,0,10.2,5,NaN,1978,9,8,1705,1,-56.1333,47.7167,1
MB,180578028,16,,,10,,,,,1015,NaN,-0.1,12.6,NaN,NaN,NaN,10,NaN,NaN,238,NaN,NaN,NaN,NaN,NaN,NaN,0,8.3,3,NaN,1978,9,9,1455,1,-56.0167,47.7333,1
MB,180578028,17,,,2,,,,,1016,NaN,-0.1,13.2,13,NaN,NaN,12,NaN,NaN,677,NaN,NaN,NaN,NaN,NaN,NaN,0,9.8,5,NaN,1978,9,9,1700,1,-56.1333,47.65,1
MB,180578029,22,,,,,,,,1030,NaN,NaN,NaN,NaN,NaN,4,11.4,NaN,NaN,223,NaN,NaN,NaN,NaN,NaN,NaN,180,10.5,5,1,1978,9,28,1115,1,-56,47.8333,1
MB,180578029,24,,,,,,,,1002,NaN,NaN,NaN,NaN,NaN,6,14.9,NaN,NaN,302,NaN,NaN,NaN,NaN,NaN,NaN,220,14.6,5,1,1978,9,29,1125,1,-55.8,47.8333,1
CD,18DA82006 ,20,,NBMkIIICTD,,,,,,NaN,NaN,NaN,NaN,NaN,NaN,NaN,NaN,NaN,NaN,NaN,NaN,NaN,NaN,NaN,NaN,NaN,NaN,NaN,NaN,NaN,1982,5,6,1558,1,-56.1317,47.6383,1
CD,18DA82006 ,21,,NBMkIIICTD,,,,,,NaN,NaN,NaN,NaN,NaN,NaN,NaN,NaN,NaN,NaN,NaN,NaN,NaN,NaN,NaN,NaN,NaN,NaN,NaN,NaN,NaN,1982,5,6,1800,1,-56.1267,47.6783,1
CD,18DA82006 ,22,,NBMkIIICTD,,,,,,NaN,NaN,NaN,NaN,NaN,NaN,NaN,NaN,NaN,NaN,NaN,NaN,NaN,NaN,NaN,NaN,NaN,NaN,NaN,NaN,NaN,1982,5,6,1918,1,-56.1383,47.7183,1
CD,18DA82006 ,23,,NBMkIIICTD,,,,,,NaN,NaN,NaN,NaN,NaN,NaN,NaN,NaN,NaN,NaN,NaN,NaN,NaN,NaN,NaN,NaN,NaN,NaN,NaN,NaN,NaN,1982,5,6,2038,1,-56.1267,47.75,1
CD,18DA82006 ,24,,NBMkIIICTD,,,,,,NaN,NaN,NaN,NaN,NaN,NaN,NaN,NaN,NaN,NaN,NaN,NaN,NaN,NaN,NaN,NaN,NaN,NaN,NaN,NaN,NaN,1982,5,6,2118,1,-56.135,47.7783,1
CD,18DA82006 ,25,,NBMkIIICTD,,,,,,NaN,NaN,NaN,NaN,NaN,NaN,NaN,NaN,NaN,NaN,NaN,NaN,NaN,NaN,NaN,NaN,NaN,NaN,NaN,NaN,NaN,1982,5,6,2205,1,-56.1467,47.8183,1
CD,18DA82006 ,26,,NBMkIIICTD,,,,,,NaN,NaN,NaN,NaN,NaN,NaN,NaN,NaN,NaN,NaN,NaN,NaN,NaN,NaN,NaN,NaN,NaN,NaN,NaN,NaN,NaN,1982,5,6,2248,1,-56.1633,47.845,1
CD,18DA82006 ,27,,NBMkIIICTD,,,,,,NaN,NaN,NaN,NaN,NaN,NaN,NaN,NaN,NaN,NaN,NaN,NaN,NaN,NaN,NaN,NaN,NaN,NaN,NaN,NaN,NaN,1982,5,6,2352,1,-56.0667,47.7783,1
CD,18DA82006 ,28,,NBMkIIICTD,,,,,,NaN,NaN,NaN,NaN,NaN,NaN,NaN,NaN,NaN,NaN,NaN,NaN,NaN,NaN,NaN,NaN,NaN,NaN,NaN,NaN,NaN,1982,5,7,15,1,-56.075,47.765,1
CD,18DA82006 ,29,,NBMkIIICTD,,,,,,NaN,NaN,NaN,NaN,NaN,NaN,NaN,NaN,NaN,NaN,NaN,NaN,NaN,NaN,NaN,NaN,NaN,NaN,NaN,NaN,NaN,1982,5,7,36,1,-56.0967,47.7483,1
CD,18DA82006 ,30,,NBMkIIICTD,,,,,,NaN,NaN,NaN,NaN,NaN,NaN,NaN,NaN,NaN,NaN,NaN,NaN,NaN,NaN,NaN,NaN,NaN,NaN,NaN,NaN,NaN,1982,5,7,445,1,-56.0333,47.6983,1
CD,18DA82006 ,33,,NBMkIIICTD,,,,,,NaN,NaN,NaN,NaN,NaN,NaN,NaN,NaN,NaN,NaN,NaN,NaN,NaN,NaN,NaN,NaN,NaN,NaN,NaN,NaN,NaN,1982,5,7,741,1,-55.8733,47.7333,1
CD,18DA82006 ,34,,NBMkIIICTD,,,,,,NaN,NaN,NaN,NaN,NaN,NaN,NaN,NaN,NaN,NaN,NaN,NaN,NaN,NaN,NaN,NaN,NaN,NaN,NaN,NaN,NaN,1982,5,7,1150,1,-56.0383,47.7183,1
CD,18DA82006 ,35,,NBMkIIICTD,,,,,,NaN,NaN,NaN,NaN,NaN,NaN,NaN,NaN,NaN,NaN,NaN,NaN,NaN,NaN,NaN,NaN,NaN,NaN,NaN,NaN,NaN,1982,5,7,1232,1,-55.9883,47.7517,1
CD,18DA82006 ,37,,NBMkIIICTD,,,,,,NaN,NaN,NaN,NaN,NaN,NaN,NaN,NaN,NaN,NaN,NaN,NaN,NaN,NaN,NaN,NaN,NaN,NaN,NaN,NaN,NaN,1982,5,7,1347,1,-55.8533,47.7817,1
CD,18DA82006 ,38,,NBMkIIICTD,,,,,,NaN,NaN,NaN,NaN,NaN,NaN,NaN,NaN,NaN,NaN,NaN,NaN,NaN,NaN,NaN,NaN,NaN,NaN,NaN,NaN,NaN,1982,5,7,1410,1,-55.8533,47.7817,1
CD,18DA82006 ,39,,NBMkIIICTD,,,,,,NaN,NaN,NaN,NaN,NaN,NaN,NaN,NaN,NaN,NaN,NaN,NaN,NaN,NaN,NaN,NaN,NaN,NaN,NaN,NaN,NaN,1982,5,7,1432,1,-55.8367,47.825,1
CD,18OK82005 ,55,,NBMkIIICTD,,,,,,NaN,NaN,NaN,NaN,NaN,NaN,NaN,NaN,NaN,NaN,NaN,NaN,NaN,NaN,NaN,NaN,NaN,NaN,NaN,NaN,NaN,1982,6,10,1740,1,-56.1267,47.6783,1
CD,18OK82005 ,56,,NBMkIIICTD,,,,,,NaN,NaN,NaN,NaN,NaN,NaN,NaN,NaN,NaN,NaN,NaN,NaN,NaN,NaN,NaN,NaN,NaN,NaN,NaN,NaN,NaN,1982,6,11,1144,1,-55.8483,47.7733,1
CD,18OK82005 ,57,,NBMkIIICTD,,,,,,NaN,NaN,NaN,NaN,NaN,NaN,NaN,NaN,NaN,NaN,NaN,NaN,NaN,NaN,NaN,NaN,NaN,NaN,NaN,NaN,NaN,1982,6,11,1317,1,-55.8483,47.7717,1
CD,18OK82005 ,58,,NBMkIIICTD,,,,,,NaN,NaN,NaN,NaN,NaN,NaN,NaN,NaN,NaN,NaN,NaN,NaN,NaN,NaN,NaN,NaN,NaN,NaN,NaN,NaN,NaN,1982,6,11,1330,1,-55.8517,47.7683,1
CD,18OK82005 ,59,,NBMkIIICTD,,,,,,NaN,NaN,NaN,NaN,NaN,NaN,NaN,NaN,NaN,NaN,NaN,NaN,NaN,NaN,NaN,NaN,NaN,NaN,NaN,NaN,NaN,1982,6,11,1646,1,-55.8533,47.7667,1
CD,18OK82005 ,60,,NBMkIIICTD,,,,,,NaN,NaN,NaN,NaN,NaN,NaN,NaN,NaN,NaN,NaN,NaN,NaN,NaN,NaN,NaN,NaN,NaN,NaN,NaN,NaN,NaN,1982,6,11,1735,1,-55.8517,47.7767,1
CD,18OK82005 ,61,,NBMkIIICTD,,,,,,NaN,NaN,NaN,NaN,NaN,NaN,NaN,NaN,NaN,NaN,NaN,NaN,NaN,NaN,NaN,NaN,NaN,NaN,NaN,NaN,NaN,1982,6,11,1746,1,-55.8483,47.7717,1
CD,18MN82006 ,22,,NBMkIIICTD,,,,,,NaN,NaN,NaN,NaN,NaN,NaN,NaN,NaN,NaN,NaN,NaN,NaN,NaN,NaN,NaN,NaN,NaN,NaN,NaN,NaN,NaN,1982,11,21,955,1,-56.1317,47.6383,1
CD,18MN82006 ,23,,NBMkIIICTD,,,,,,NaN,NaN,NaN,NaN,NaN,NaN,NaN,NaN,NaN,NaN,NaN,NaN,NaN,NaN,NaN,NaN,NaN,NaN,NaN,NaN,NaN,1982,11,21,1034,1,-56.1267,47.6783,1
CD,18MN82006 ,24,,NBMkIIICTD,,,,,,NaN,NaN,NaN,NaN,NaN,NaN,NaN,NaN,NaN,NaN,NaN,NaN,NaN,NaN,NaN,NaN,NaN,NaN,NaN,NaN,NaN,1982,11,21,1129,1,-56.0333,47.6983,1
CD,18MN82006 ,25,,NBMkIIICTD,,,,,,NaN,NaN,NaN,NaN,NaN,NaN,NaN,NaN,NaN,NaN,NaN,NaN,NaN,NaN,NaN,NaN,NaN,NaN,NaN,NaN,NaN,1982,11,21,1225,1,-55.9117,47.7133,1
CD,18MN82006 ,26,,NBMkIIICTD,,,,,,NaN,NaN,NaN,NaN,NaN,NaN,NaN,NaN,NaN,NaN,NaN,NaN,NaN,NaN,NaN,NaN,NaN,NaN,NaN,NaN,NaN,1982,11,21,1257,1,-55.8617,47.7533,1
CD,18MN82006 ,27,,NBMkIIICTD,,,,,,NaN,NaN,NaN,NaN,NaN,NaN,NaN,NaN,NaN,NaN,NaN,NaN,NaN,NaN,NaN,NaN,NaN,NaN,NaN,NaN,NaN,1982,11,21,1320,1,-55.8533,47.7817,1
CD,18MN82006 ,28,,NBMkIIICTD,,,,,,NaN,NaN,NaN,NaN,NaN,NaN,NaN,NaN,NaN,NaN,NaN,NaN,NaN,NaN,NaN,NaN,NaN,NaN,NaN,NaN,NaN,1982,11,21,1348,1,-55.9233,47.7617,1
CD,18MN82006 ,29,,NBMkIIICTD,,,,,,NaN,NaN,NaN,NaN,NaN,NaN,NaN,NaN,NaN,NaN,NaN,NaN,NaN,NaN,NaN,NaN,NaN,NaN,NaN,NaN,NaN,1982,11,21,1416,1,-55.9883,47.7517,1
CD,18MN82006 ,30,,NBMkIIICTD,,,,,,NaN,NaN,NaN,NaN,NaN,NaN,NaN,NaN,NaN,NaN,NaN,NaN,NaN,NaN,NaN,NaN,NaN,NaN,NaN,NaN,NaN,1982,11,21,1450,1,-56.0383,47.7183,1
BO,180583013,42,9,,42,,3,,3,1030.5,NaN,NaN,NaN,NaN,NaN,NaN,-4,NaN,NaN,450,NaN,1,NaN,230,1,1,40,-4.5,4,NaN,1983,2,12,1815,1,-56.1333,47.6733,1
XB,180583013,42,,,42,,,,,1031,NaN,0,NaN,NaN,NaN,9,-4,NaN,NaN,450,NaN,1,11,NaN,1,11,40,-4.5,5,30,1983,2,12,1815,1,-56.1333,47.6667,1
BO,180583013,44,0,,44,,,,1,1020.5,NaN,NaN,NaN,NaN,NaN,NaN,-4,NaN,NaN,20,NaN,NaN,NaN,NaN,NaN,NaN,320,-5,4,NaN,1983,2,14,1545,1,-56.175,47.6467,1
XB,180583013,44,,,44,,,,,1021,NaN,0,NaN,NaN,NaN,0,-4,NaN,NaN,20,NaN,0,NaN,NaN,0,NaN,320,-5,5,10,1983,2,14,1545,1,-56.1833,47.65,1
BO,180583013,45,9,,45,,,,70,1010.7,NaN,NaN,NaN,NaN,NaN,NaN,2.4,NaN,NaN,249,NaN,NaN,NaN,NaN,1,1,220,2,7,NaN,1983,2,15,1230,1,-55.9017,47.7167,1
XB,180583013,45,,,45,,,,,1011,NaN,0,NaN,NaN,NaN,9,2.4,NaN,NaN,249,NaN,0,NaN,NaN,1,11,220,2,7,70,1983,2,15,1230,1,-55.9,47.7167,1
BO,180583013,46,9,,46,,,,70,1010.8,NaN,NaN,NaN,NaN,NaN,NaN,2.4,NaN,NaN,38,NaN,NaN,NaN,NaN,1,1,220,1.9,7,NaN,1983,2,15,1330,1,-55.9783,47.6833,1
XB,180583013,46,,,46,,,,,1011,NaN,0,NaN,NaN,NaN,9,2.4,NaN,NaN,38,NaN,0,NaN,NaN,1,11,220,1.9,7,70,1983,2,15,1330,1,-55.9833,47.6833,1
BO,180583013,47,9,,47,,,,2,1010.7,NaN,NaN,NaN,NaN,NaN,NaN,2.4,NaN,NaN,240,NaN,NaN,NaN,NaN,1,1,270,2,7,NaN,1983,2,15,1412,1,-56.0083,47.6967,1
XB,180583013,47,,,47,,,,,1011,NaN,0,NaN,NaN,NaN,9,2.4,NaN,NaN,240,NaN,0,NaN,NaN,1,11,270,2,7,20,1983,2,15,1412,1,-56.0167,47.7,1
BO,180583013,48,9,,48,,,,2,1010.7,NaN,NaN,NaN,NaN,NaN,NaN,3,NaN,NaN,31,NaN,NaN,NaN,NaN,1,1,220,2.6,7,NaN,1983,2,15,1500,1,-56.0067,47.7533,1
XB,180583013,48,,,48,,,,,1011,NaN,0,NaN,NaN,NaN,9,3,NaN,NaN,31,NaN,0,NaN,NaN,1,11,220,2.6,7,20,1983,2,15,1500,1,-56,47.75,1
BO,180583013,49,9,,49,,,,3,1010.6,NaN,NaN,NaN,NaN,NaN,NaN,2.3,NaN,NaN,311,NaN,NaN,NaN,NaN,1,1,220,1.8,7,NaN,1983,2,15,1700,1,-56.145,47.8033,1
XB,180583013,49,,,49,,,,,1011,NaN,0,NaN,NaN,NaN,9,2.3,NaN,NaN,311,NaN,0,NaN,NaN,1,11,220,1.8,7,30,1983,2,15,1700,1,-56.15,47.8,1
BO,180583013,50,9,,50,,,,22,1010.6,NaN,NaN,NaN,NaN,NaN,NaN,2.3,NaN,NaN,130,NaN,NaN,NaN,NaN,1,1,30,1.5,7,NaN,1983,2,15,1815,1,-56.0967,47.7583,1
BO,180583013,52,7,,52,,,,3,1020.1,NaN,NaN,NaN,NaN,NaN,NaN,-3,NaN,NaN,63,NaN,NaN,NaN,NaN,NaN,NaN,360,-3.5,15,NaN,1983,2,16,1610,1,-56.1833,47.6817,1
XB,180583013,52,,,52,,,,,1020,NaN,0,NaN,NaN,NaN,7,-3,NaN,NaN,63,NaN,0,NaN,NaN,NaN,11,360,-3.5,15,30,1983,2,16,1610,1,-56.1833,47.6833,1
CD,18DA83007 ,39,,NBMkIIICTD,,,,,,NaN,NaN,NaN,NaN,NaN,NaN,NaN,NaN,NaN,NaN,NaN,NaN,NaN,NaN,NaN,NaN,NaN,NaN,NaN,NaN,NaN,1983,6,7,1322,1,-56.1633,47.845,1
CD,18DA83007 ,40,,NBMkIIICTD,,,,,,NaN,NaN,NaN,NaN,NaN,NaN,NaN,NaN,NaN,NaN,NaN,NaN,NaN,NaN,NaN,NaN,NaN,NaN,NaN,NaN,NaN,1983,6,7,1425,1,-56.1467,47.8183,1
CD,18DA83007 ,41,,NBMkIIICTD,,,,,,NaN,NaN,NaN,NaN,NaN,NaN,NaN,NaN,NaN,NaN,NaN,NaN,NaN,NaN,NaN,NaN,NaN,NaN,NaN,NaN,NaN,1983,6,7,1552,1,-56.135,47.7783,1
CD,18DA83007 ,42,,NBMkIIICTD,,,,,,NaN,NaN,NaN,NaN,NaN,NaN,NaN,NaN,NaN,NaN,NaN,NaN,NaN,NaN,NaN,NaN,NaN,NaN,NaN,NaN,NaN,1983,6,7,1636,1,-56.1267,47.75,1
CD,18DA83007 ,43,,NBMkIIICTD,,,,,,NaN,NaN,NaN,NaN,NaN,NaN,NaN,NaN,NaN,NaN,NaN,NaN,NaN,NaN,NaN,NaN,NaN,NaN,NaN,NaN,NaN,1983,6,7,1735,1,-56.1383,47.7183,1
CD,18DA83007 ,44,,NBMkIIICTD,,,,,,NaN,NaN,NaN,NaN,NaN,NaN,NaN,NaN,NaN,NaN,NaN,NaN,NaN,NaN,NaN,NaN,NaN,NaN,NaN,NaN,NaN,1983,6,7,1835,1,-56.1267,47.6783,1
CD,18DA83007 ,45,,NBMkIIICTD,,,,,,NaN,NaN,NaN,NaN,NaN,NaN,NaN,NaN,NaN,NaN,NaN,NaN,NaN,NaN,NaN,NaN,NaN,NaN,NaN,NaN,NaN,1983,6,7,1935,1,-56.0333,47.6983,1
CD,18DA83007 ,46,,NBMkIIICTD,,,,,,NaN,NaN,NaN,NaN,NaN,NaN,NaN,NaN,NaN,NaN,NaN,NaN,NaN,NaN,NaN,NaN,NaN,NaN,NaN,NaN,NaN,1983,6,7,2017,1,-56.0383,47.7167,1
CD,18DA83007 ,47,,NBMkIIICTD,,,,,,NaN,NaN,NaN,NaN,NaN,NaN,NaN,NaN,NaN,NaN,NaN,NaN,NaN,NaN,NaN,NaN,NaN,NaN,NaN,NaN,NaN,1983,6,7,2054,1,-55.9883,47.75,1
CD,18DA83007 ,48,,NBMkIIICTD,,,,,,NaN,NaN,NaN,NaN,NaN,NaN,NaN,NaN,NaN,NaN,NaN,NaN,NaN,NaN,NaN,NaN,NaN,NaN,NaN,NaN,NaN,1983,6,7,2148,1,-55.9233,47.7617,1
CD,18DA83007 ,49,,NBMkIIICTD,,,,,,NaN,NaN,NaN,NaN,NaN,NaN,NaN,NaN,NaN,NaN,NaN,NaN,NaN,NaN,NaN,NaN,NaN,NaN,NaN,NaN,NaN,1983,6,7,2236,1,-55.8417,47.825,1
CD,18DA83007 ,50,,NBMkIIICTD,,,,,,NaN,NaN,NaN,NaN,NaN,NaN,NaN,NaN,NaN,NaN,NaN,NaN,NaN,NaN,NaN,NaN,NaN,NaN,NaN,NaN,NaN,1983,6,8,1011,1,-56.1317,47.6383,1
XB,181883009,6,,,,,,,,NaN,NaN,0,NaN,NaN,NaN,NaN,NaN,NaN,NaN,NaN,NaN,NaN,NaN,NaN,NaN,NaN,NaN,NaN,NaN,NaN,1983,8,24,1614,1,-56.1167,47.6833,1
CD,18MN83008 ,83,,NBMkIIICTD,,,,,,NaN,NaN,NaN,NaN,NaN,NaN,NaN,NaN,NaN,NaN,NaN,NaN,NaN,NaN,NaN,NaN,NaN,NaN,NaN,NaN,NaN,1983,11,7,1157,1,-55.9117,47.7133,1
CD,18MN83008 ,84,,NBMkIIICTD,,,,,,NaN,NaN,NaN,NaN,NaN,NaN,NaN,NaN,NaN,NaN,NaN,NaN,NaN,NaN,NaN,NaN,NaN,NaN,NaN,NaN,NaN,1983,11,7,1226,1,-55.8733,47.7333,1
CD,18MN83008 ,85,,NBMkIIICTD,,,,,,NaN,NaN,NaN,NaN,NaN,NaN,NaN,NaN,NaN,NaN,NaN,NaN,NaN,NaN,NaN,NaN,NaN,NaN,NaN,NaN,NaN,1983,11,7,1252,1,-55.8617,47.7533,1
CD,18MN83008 ,86,,NBMkIIICTD,,,,,,NaN,NaN,NaN,NaN,NaN,NaN,NaN,NaN,NaN,NaN,NaN,NaN,NaN,NaN,NaN,NaN,NaN,NaN,NaN,NaN,NaN,1983,11,7,1313,1,-55.8533,47.7817,1
CD,18MN83008 ,87,,NBMkIIICTD,,,,,,NaN,NaN,NaN,NaN,NaN,NaN,NaN,NaN,NaN,NaN,NaN,NaN,NaN,NaN,NaN,NaN,NaN,NaN,NaN,NaN,NaN,1983,11,7,1332,1,-55.84,47.7983,1
CD,18MN83008 ,88,,NBMkIIICTD,,,,,,NaN,NaN,NaN,NaN,NaN,NaN,NaN,NaN,NaN,NaN,NaN,NaN,NaN,NaN,NaN,NaN,NaN,NaN,NaN,NaN,NaN,1983,11,7,1415,1,-55.9233,47.7617,1
CD,18MN83008 ,89,,NBMkIIICTD,,,,,,NaN,NaN,NaN,NaN,NaN,NaN,NaN,NaN,NaN,NaN,NaN,NaN,NaN,NaN,NaN,NaN,NaN,NaN,NaN,NaN,NaN,1983,11,7,1450,1,-55.9883,47.7517,1
CD,18MN83008 ,90,,NBMkIIICTD,,,,,,NaN,NaN,NaN,NaN,NaN,NaN,NaN,NaN,NaN,NaN,NaN,NaN,NaN,NaN,NaN,NaN,NaN,NaN,NaN,NaN,NaN,1983,11,7,1530,1,-56.0383,47.7183,1
CD,18HU83010 ,23,,NBMkIIICTD,,,,,,NaN,NaN,NaN,NaN,NaN,NaN,NaN,NaN,NaN,NaN,NaN,NaN,NaN,NaN,NaN,NaN,NaN,NaN,NaN,NaN,NaN,1983,12,10,2102,1,-56.1267,47.6783,1
CD,18OK84010 ,34,,NBMkIIICTD,,,,,,NaN,NaN,NaN,NaN,NaN,NaN,NaN,NaN,NaN,NaN,NaN,NaN,NaN,NaN,NaN,NaN,NaN,NaN,NaN,NaN,NaN,1984,4,7,1730,1,-56.1383,47.72,1
CD,18OK84010 ,35,,NBMkIIICTD,,,,,,NaN,NaN,NaN,NaN,NaN,NaN,NaN,NaN,NaN,NaN,NaN,NaN,NaN,NaN,NaN,NaN,NaN,NaN,NaN,NaN,NaN,1984,4,7,1814,1,-56.1267,47.75,1
CD,18OK84010 ,36,,NBMkIIICTD,,,,,,NaN,NaN,NaN,NaN,NaN,NaN,NaN,NaN,NaN,NaN,NaN,NaN,NaN,NaN,NaN,NaN,NaN,NaN,NaN,NaN,NaN,1984,4,7,1846,1,-56.1367,47.7783,1
CD,18OK84010 ,37,,NBMkIIICTD,,,,,,NaN,NaN,NaN,NaN,NaN,NaN,NaN,NaN,NaN,NaN,NaN,NaN,NaN,NaN,NaN,NaN,NaN,NaN,NaN,NaN,NaN,1984,4,7,2013,1,-56.08,47.765,1
CD,18OK84010 ,38,,NBMkIIICTD,,,,,,NaN,NaN,NaN,NaN,NaN,NaN,NaN,NaN,NaN,NaN,NaN,NaN,NaN,NaN,NaN,NaN,NaN,NaN,NaN,NaN,NaN,1984,4,7,2029,1,-56.0967,47.7483,1
CD,18OK84010 ,39,,NBMkIIICTD,,,,,,NaN,NaN,NaN,NaN,NaN,NaN,NaN,NaN,NaN,NaN,NaN,NaN,NaN,NaN,NaN,NaN,NaN,NaN,NaN,NaN,NaN,1984,4,7,2111,1,-56.1267,47.6783,1
CD,18OK84010 ,40,,NBMkIIICTD,,,,,,NaN,NaN,NaN,NaN,NaN,NaN,NaN,NaN,NaN,NaN,NaN,NaN,NaN,NaN,NaN,NaN,NaN,NaN,NaN,NaN,NaN,1984,4,8,1118,1,-56.0383,47.7183,1
CD,18OK84010 ,41,,NBMkIIICTD,,,,,,NaN,NaN,NaN,NaN,NaN,NaN,NaN,NaN,NaN,NaN,NaN,NaN,NaN,NaN,NaN,NaN,NaN,NaN,NaN,NaN,NaN,1984,4,8,1151,1,-55.9883,47.7517,1
CD,18OK84010 ,42,,NBMkIIICTD,,,,,,NaN,NaN,NaN,NaN,NaN,NaN,NaN,NaN,NaN,NaN,NaN,NaN,NaN,NaN,NaN,NaN,NaN,NaN,NaN,NaN,NaN,1984,4,8,1227,1,-55.9233,47.76,1
CD,18OK84010 ,43,,NBMkIIICTD,,,,,,NaN,NaN,NaN,NaN,NaN,NaN,NaN,NaN,NaN,NaN,NaN,NaN,NaN,NaN,NaN,NaN,NaN,NaN,NaN,NaN,NaN,1984,4,8,1312,1,-55.8533,47.7817,1
CD,18OK84010 ,44,,NBMkIIICTD,,,,,,NaN,NaN,NaN,NaN,NaN,NaN,NaN,NaN,NaN,NaN,NaN,NaN,NaN,NaN,NaN,NaN,NaN,NaN,NaN,NaN,NaN,1984,4,8,1322,1,-55.84,47.7983,1
CD,18OK84010 ,45,,NBMkIIICTD,,,,,,NaN,NaN,NaN,NaN,NaN,NaN,NaN,NaN,NaN,NaN,NaN,NaN,NaN,NaN,NaN,NaN,NaN,NaN,NaN,NaN,NaN,1984,4,8,1347,1,-55.8417,47.825,1
CD,18OK84010 ,46,,NBMkIIICTD,,,,,,NaN,NaN,NaN,NaN,NaN,NaN,NaN,NaN,NaN,NaN,NaN,NaN,NaN,NaN,NaN,NaN,NaN,NaN,NaN,NaN,NaN,1984,4,8,1414,1,-55.8133,47.8583,1
CD,18OK84010 ,47,,NBMkIIICTD,,,,,,NaN,NaN,NaN,NaN,NaN,NaN,NaN,NaN,NaN,NaN,NaN,NaN,NaN,NaN,NaN,NaN,NaN,NaN,NaN,NaN,NaN,1984,4,8,1438,1,-55.8133,47.8867,1
CD,18OK84010 ,48,,NBMkIIICTD,,,,,,NaN,NaN,NaN,NaN,NaN,NaN,NaN,NaN,NaN,NaN,NaN,NaN,NaN,NaN,NaN,NaN,NaN,NaN,NaN,NaN,NaN,1984,4,8,1448,1,-55.805,47.9017,1
CD,18OK84010 ,49,,NBMkIIICTD,,,,,,NaN,NaN,NaN,NaN,NaN,NaN,NaN,NaN,NaN,NaN,NaN,NaN,NaN,NaN,NaN,NaN,NaN,NaN,NaN,NaN,NaN,1984,4,8,1548,1,-55.8617,47.7533,1
CD,18OK84010 ,50,,NBMkIIICTD,,,,,,NaN,NaN,NaN,NaN,NaN,NaN,NaN,NaN,NaN,NaN,NaN,NaN,NaN,NaN,NaN,NaN,NaN,NaN,NaN,NaN,NaN,1984,4,8,1606,1,-55.8733,47.7333,1
CD,18OK84010 ,51,,NBMkIIICTD,,,,,,NaN,NaN,NaN,NaN,NaN,NaN,NaN,NaN,NaN,NaN,NaN,NaN,NaN,NaN,NaN,NaN,NaN,NaN,NaN,NaN,NaN,1984,4,8,1630,1,-55.9117,47.7133,1
CD,18OK84010 ,53,,NBMkIIICTD,,,,,,NaN,NaN,NaN,NaN,NaN,NaN,NaN,NaN,NaN,NaN,NaN,NaN,NaN,NaN,NaN,NaN,NaN,NaN,NaN,NaN,NaN,1984,4,8,1717,1,-56.0333,47.6983,1
CD,18OK84010 ,54,,NBMkIIICTD,,,,,,NaN,NaN,NaN,NaN,NaN,NaN,NaN,NaN,NaN,NaN,NaN,NaN,NaN,NaN,NaN,NaN,NaN,NaN,NaN,NaN,NaN,1984,4,8,1806,1,-56.1317,47.6383,1
CD,18DA84002 ,33,,NBMkIIICTD,,,,,,NaN,NaN,NaN,NaN,NaN,NaN,NaN,NaN,NaN,NaN,NaN,NaN,NaN,NaN,NaN,NaN,NaN,NaN,NaN,NaN,NaN,1984,6,28,2142,1,-56.1267,47.6783,1
CD,18DA84011 ,8,,NBMkIIICTD,,,,,,NaN,NaN,NaN,NaN,NaN,NaN,NaN,NaN,NaN,NaN,NaN,NaN,NaN,NaN,NaN,NaN,NaN,NaN,NaN,NaN,NaN,1984,12,9,1719,1,-56.0383,47.7183,1
CD,18DA84011 ,9,,NBMkIIICTD,,,,,,NaN,NaN,NaN,NaN,NaN,NaN,NaN,NaN,NaN,NaN,NaN,NaN,NaN,NaN,NaN,NaN,NaN,NaN,NaN,NaN,NaN,1984,12,9,1754,1,-55.9883,47.7517,1
CD,18DA84011 ,10,,NBMkIIICTD,,,,,,NaN,NaN,NaN,NaN,NaN,NaN,NaN,NaN,NaN,NaN,NaN,NaN,NaN,NaN,NaN,NaN,NaN,NaN,NaN,NaN,NaN,1984,12,9,1922,1,-55.9233,47.7617,1
CD,18DA84011 ,11,,NBMkIIICTD,,,,,,NaN,NaN,NaN,NaN,NaN,NaN,NaN,NaN,NaN,NaN,NaN,NaN,NaN,NaN,NaN,NaN,NaN,NaN,NaN,NaN,NaN,1984,12,9,1956,1,-55.8533,47.7817,1
CD,18DA84011 ,12,,NBMkIIICTD,,,,,,NaN,NaN,NaN,NaN,NaN,NaN,NaN,NaN,NaN,NaN,NaN,NaN,NaN,NaN,NaN,NaN,NaN,NaN,NaN,NaN,NaN,1984,12,9,2035,1,-55.84,47.7983,1
CD,18DA84011 ,13,,NBMkIIICTD,,,,,,NaN,NaN,NaN,NaN,NaN,NaN,NaN,NaN,NaN,NaN,NaN,NaN,NaN,NaN,NaN,NaN,NaN,NaN,NaN,NaN,NaN,1984,12,9,2108,1,-55.8417,47.825,1
CD,18DA84011 ,14,,NBMkIIICTD,,,,,,NaN,NaN,NaN,NaN,NaN,NaN,NaN,NaN,NaN,NaN,NaN,NaN,NaN,NaN,NaN,NaN,NaN,NaN,NaN,NaN,NaN,1984,12,9,2155,1,-55.8133,47.8583,1
CD,18DA84011 ,15,,NBMkIIICTD,,,,,,NaN,NaN,NaN,NaN,NaN,NaN,NaN,NaN,NaN,NaN,NaN,NaN,NaN,NaN,NaN,NaN,NaN,NaN,NaN,NaN,NaN,1984,12,9,2229,1,-55.8133,47.8867,1
CD,18DA84011 ,16,,NBMkIIICTD,,,,,,NaN,NaN,NaN,NaN,NaN,NaN,NaN,NaN,NaN,NaN,NaN,NaN,NaN,NaN,NaN,NaN,NaN,NaN,NaN,NaN,NaN,1984,12,9,2244,1,-55.805,47.9017,1
CD,18DA84011 ,17,,NBMkIIICTD,,,,,,NaN,NaN,NaN,NaN,NaN,NaN,NaN,NaN,NaN,NaN,NaN,NaN,NaN,NaN,NaN,NaN,NaN,NaN,NaN,NaN,NaN,1984,12,10,52,1,-56.0333,47.6983,1
CD,18DA84011 ,18,,NBMkIIICTD,,,,,,NaN,NaN,NaN,NaN,NaN,NaN,NaN,NaN,NaN,NaN,NaN,NaN,NaN,NaN,NaN,NaN,NaN,NaN,NaN,NaN,NaN,1984,12,10,150,1,-56.1267,47.6783,1
CD,18DA84011 ,19,,NBMkIIICTD,,,,,,NaN,NaN,NaN,NaN,NaN,NaN,NaN,NaN,NaN,NaN,NaN,NaN,NaN,NaN,NaN,NaN,NaN,NaN,NaN,NaN,NaN,1984,12,10,307,1,-56.1317,47.6383,1
CD,18DA85012 ,2,,NBMkIIICTD,,,,,,NaN,NaN,NaN,NaN,NaN,NaN,NaN,NaN,NaN,NaN,NaN,NaN,NaN,NaN,NaN,NaN,NaN,NaN,NaN,NaN,NaN,1985,7,31,1315,1,-56.1267,47.6783,1
TE,SHIP    94,9981,,,,,,,,NaN,39,NaN,NaN,NaN,NaN,NaN,NaN,NaN,NaN,NaN,NaN,NaN,NaN,NaN,NaN,NaN,NaN,NaN,NaN,NaN,1994,5,18,1510,1,-55.85,47.78,1
CD,18BW94001 ,1,,SEABIRD 25,1,,,S0118,,NaN,39,NaN,NaN,NaN,9,NaN,NaN,NaN,NaN,NaN,NaN,NaN,NaN,NaN,NaN,NaN,NaN,0,NaN,NaN,1994,5,18,1510,1,-55.8617,47.7867,1
TE,SHIP    94,9980,,,,,,,,NaN,37,NaN,NaN,NaN,NaN,NaN,NaN,NaN,NaN,NaN,NaN,NaN,NaN,NaN,NaN,NaN,NaN,NaN,NaN,NaN,1994,5,18,1639,1,-55.85,47.78,1
CD,18BW94001 ,2,,SEABIRD 25,2,,,S0118,,NaN,37,NaN,NaN,NaN,NaN,NaN,NaN,NaN,NaN,NaN,NaN,NaN,NaN,NaN,NaN,NaN,NaN,NaN,NaN,NaN,1994,5,18,1639,1,-55.8617,47.79,1
TE,SHIP    94,9979,,,,,,,,NaN,42,NaN,NaN,NaN,NaN,NaN,NaN,NaN,NaN,NaN,NaN,NaN,NaN,NaN,NaN,NaN,NaN,NaN,NaN,NaN,1994,5,18,1657,1,-55.85,47.78,1
CD,18BW94001 ,3,,SEABIRD 25,3,,,S0118,,NaN,42,NaN,NaN,NaN,NaN,NaN,NaN,NaN,NaN,NaN,NaN,NaN,NaN,NaN,NaN,NaN,NaN,NaN,NaN,NaN,1994,5,18,1657,1,-55.8617,47.7883,1
CD,18BW94001 ,4,,SEABIRD 25,4,,,S0118,,NaN,21,NaN,NaN,NaN,NaN,NaN,NaN,NaN,NaN,NaN,NaN,NaN,NaN,NaN,NaN,NaN,NaN,NaN,NaN,NaN,1994,5,19,1330,1,-55.8117,47.8783,1
CD,18BW94001 ,5,,SEABIRD 25,5,,,S0118,,NaN,45,NaN,NaN,NaN,NaN,NaN,NaN,NaN,NaN,NaN,NaN,NaN,NaN,NaN,NaN,NaN,NaN,NaN,NaN,NaN,1994,5,19,1401,1,-55.815,47.87,1
CD,18BW94001 ,6,,SEABIRD 25,6,,,S0118,,NaN,29,NaN,NaN,NaN,NaN,NaN,NaN,NaN,NaN,NaN,NaN,NaN,NaN,NaN,NaN,NaN,NaN,NaN,NaN,NaN,1994,5,19,1600,1,-55.81,47.8783,1
CD,18BW94001 ,7,,SEABIRD 25,7,,,S0118,,NaN,46,NaN,NaN,NaN,NaN,NaN,NaN,NaN,NaN,NaN,NaN,NaN,NaN,NaN,NaN,NaN,NaN,NaN,NaN,NaN,1994,5,19,1625,1,-55.8133,47.8717,1
TO,18BW94001 ,8,,SEABIRD 25,8,,,S0118,,NaN,7,NaN,NaN,NaN,NaN,NaN,NaN,NaN,NaN,NaN,NaN,NaN,NaN,NaN,NaN,NaN,NaN,NaN,NaN,NaN,1994,5,19,1805,1,-55.7817,47.8667,1
CD,18BW94001 ,9,,SEABIRD 25,9,,,S0118,,NaN,17,NaN,NaN,NaN,NaN,NaN,NaN,NaN,NaN,NaN,NaN,NaN,NaN,NaN,NaN,NaN,NaN,NaN,NaN,NaN,1994,5,19,1830,1,-55.8133,47.8783,1
CD,18BW94001 ,10,,SEABIRD 25,10,,,S0118,,NaN,45,NaN,NaN,NaN,NaN,NaN,NaN,NaN,NaN,NaN,NaN,NaN,NaN,NaN,NaN,NaN,NaN,NaN,NaN,NaN,1994,5,19,1847,1,-55.815,47.87,1
TE,SHIP    94,9978,,,,,,,,NaN,103,NaN,NaN,NaN,NaN,NaN,NaN,NaN,NaN,NaN,NaN,NaN,NaN,NaN,NaN,NaN,NaN,NaN,NaN,NaN,1994,5,20,1410,1,-55.91,47.68,1
CD,18BW94001 ,12,,SEABIRD 25,12,,,S0118,,NaN,103,NaN,NaN,NaN,NaN,NaN,NaN,NaN,NaN,NaN,NaN,NaN,NaN,NaN,NaN,NaN,NaN,NaN,NaN,NaN,1994,5,20,1410,1,-55.9183,47.6883,1
TE,SHIP    94,9977,,,,,,,,NaN,32,NaN,NaN,NaN,NaN,NaN,NaN,NaN,NaN,NaN,NaN,NaN,NaN,NaN,NaN,NaN,NaN,NaN,NaN,NaN,1994,5,20,1430,1,-55.91,47.66,1
CD,18BW94001 ,13,,SEABIRD 25,13,,,S0118,,NaN,32,NaN,NaN,NaN,NaN,NaN,NaN,NaN,NaN,NaN,NaN,NaN,NaN,NaN,NaN,NaN,NaN,NaN,NaN,NaN,1994,5,20,1430,1,-55.93,47.6783,1
TE,SHIP    94,9976,,,,,,,,NaN,65,NaN,NaN,NaN,NaN,NaN,NaN,NaN,NaN,NaN,NaN,NaN,NaN,NaN,NaN,NaN,NaN,NaN,NaN,NaN,1994,5,20,1448,1,-55.93,47.66,1
CD,18BW94001 ,14,,SEABIRD 25,14,,,S0118,,NaN,65,NaN,NaN,NaN,NaN,NaN,NaN,NaN,NaN,NaN,NaN,NaN,NaN,NaN,NaN,NaN,NaN,NaN,NaN,NaN,1994,5,20,1448,1,-55.9333,47.67,1
CD,18BW94001 ,15,,SEABIRD 25,15,,,S0118,,NaN,62,NaN,NaN,NaN,NaN,NaN,NaN,NaN,NaN,NaN,NaN,NaN,NaN,NaN,NaN,NaN,NaN,NaN,NaN,NaN,1994,5,20,1505,1,-55.9333,47.6633,1
CD,18BW94001 ,16,,SEABIRD 25,16,,,S0118,,NaN,26,NaN,NaN,NaN,NaN,NaN,NaN,NaN,NaN,NaN,NaN,NaN,NaN,NaN,NaN,NaN,NaN,NaN,NaN,NaN,1994,5,20,1535,1,-55.9383,47.6617,1
TE,SHIP    94,9973,,,,,,,,NaN,60,NaN,NaN,NaN,NaN,NaN,NaN,NaN,NaN,NaN,NaN,NaN,NaN,NaN,NaN,NaN,NaN,NaN,NaN,NaN,1994,5,20,1555,1,-55.91,47.65,1
CD,18BW94001 ,17,,SEABIRD 25,17,,,S0118,,NaN,60,NaN,NaN,NaN,NaN,NaN,NaN,NaN,NaN,NaN,NaN,NaN,NaN,NaN,NaN,NaN,NaN,NaN,NaN,NaN,1994,5,20,1555,1,-55.9283,47.6517,1
CD,18BW94001 ,18,,SEABIRD 25,18,,,S0118,,NaN,45,NaN,NaN,NaN,NaN,NaN,NaN,NaN,NaN,NaN,NaN,NaN,NaN,NaN,NaN,NaN,NaN,NaN,NaN,NaN,1994,5,20,1604,1,-55.9333,47.65,1
TE,SHIP    94,9971,,,,,,,,NaN,57,NaN,NaN,NaN,NaN,NaN,NaN,NaN,NaN,NaN,NaN,NaN,NaN,NaN,NaN,NaN,NaN,NaN,NaN,NaN,1994,5,20,1617,1,-55.91,47.63,1
CD,18BW94001 ,19,,SEABIRD 25,19,,,S0118,,NaN,57,NaN,NaN,NaN,NaN,NaN,NaN,NaN,NaN,NaN,NaN,NaN,NaN,NaN,NaN,NaN,NaN,NaN,NaN,NaN,1994,5,20,1617,1,-55.9217,47.6417,1
TE,SHIP    94,9968,,,,,,,,NaN,27,NaN,NaN,NaN,NaN,NaN,NaN,NaN,NaN,NaN,NaN,NaN,NaN,NaN,NaN,NaN,NaN,NaN,NaN,NaN,1994,5,20,1802,1,-55.93,47.65,1
CD,18BW94001 ,22,,SEABIRD 25,22,,,S0118,,NaN,27,NaN,NaN,NaN,NaN,NaN,NaN,NaN,NaN,NaN,NaN,NaN,NaN,NaN,NaN,NaN,NaN,NaN,NaN,NaN,1994,5,20,1802,1,-55.94,47.66,1
TE,SHIP    94,9967,,,,,,,,NaN,60,NaN,NaN,NaN,NaN,NaN,NaN,NaN,NaN,NaN,NaN,NaN,NaN,NaN,NaN,NaN,NaN,NaN,NaN,NaN,1994,5,20,1810,1,-55.91,47.65,1
CD,18BW94001 ,23,,SEABIRD 25,23,,,S0118,,NaN,60,NaN,NaN,NaN,NaN,NaN,NaN,NaN,NaN,NaN,NaN,NaN,NaN,NaN,NaN,NaN,NaN,NaN,NaN,NaN,1994,5,20,1810,1,-55.9183,47.6633,1
TO,18BW94001 ,24,,SEABIRD 25,24,,,S0118,,NaN,7,NaN,NaN,NaN,NaN,NaN,NaN,NaN,NaN,NaN,NaN,NaN,NaN,NaN,NaN,NaN,NaN,NaN,NaN,NaN,1994,5,20,1855,1,-55.7833,47.865,1
CD,18BW94001 ,25,,SEABIRD 25,25,,,S0118,,NaN,45,NaN,NaN,NaN,NaN,NaN,NaN,NaN,NaN,NaN,NaN,NaN,NaN,NaN,NaN,NaN,NaN,NaN,NaN,NaN,1994,5,20,1904,1,-55.815,47.87,1
TO,18BW94001 ,26,,SEABIRD 25,26,,,S0118,,NaN,23,NaN,NaN,NaN,NaN,NaN,NaN,NaN,NaN,NaN,NaN,NaN,NaN,NaN,NaN,NaN,NaN,NaN,NaN,NaN,1994,5,20,1915,1,-55.8117,47.8783,1
CD,189995013,15,,SEABIRD 19,15,,,S1317,,NaN,137,NaN,NaN,NaN,8,NaN,-0.5,NaN,2,NaN,90,2,5,NaN,1,5,90,-9.9,5,NaN,1995,2,21,1147,1,-55.7183,47.655,1
TE,CGBT    97,9993,,,,,,,,NaN,168,NaN,NaN,NaN,NaN,NaN,NaN,NaN,NaN,NaN,NaN,NaN,NaN,NaN,NaN,NaN,NaN,NaN,NaN,NaN,1997,1,23,43,1,-55.85,47.7667,1
TE,CGBT    97,9994,,,,,,,,NaN,78,NaN,NaN,NaN,NaN,NaN,NaN,NaN,NaN,NaN,NaN,NaN,NaN,NaN,NaN,NaN,NaN,NaN,NaN,NaN,1997,1,23,1850,1,-55.9333,47.7,1
TE,CGBT    97,9995,,,,,,,,NaN,78,NaN,NaN,NaN,NaN,NaN,NaN,NaN,NaN,NaN,NaN,NaN,NaN,NaN,NaN,NaN,NaN,NaN,NaN,NaN,1997,1,23,1905,1,-55.9333,47.7,1
TE,CGBT    97,9996,,,,,,,,NaN,78,NaN,NaN,NaN,NaN,NaN,NaN,NaN,NaN,NaN,NaN,NaN,NaN,NaN,NaN,NaN,NaN,NaN,NaN,NaN,1997,1,23,1921,1,-55.9333,47.7,1
TE,CGBT    97,9998,,,,,,,,NaN,121,NaN,NaN,NaN,NaN,NaN,NaN,NaN,NaN,NaN,NaN,NaN,NaN,NaN,NaN,NaN,NaN,NaN,NaN,NaN,1997,1,25,1512,1,-56.0333,47.7,1
TE,CGBT    97,9997,,,,,,,,NaN,24,NaN,NaN,NaN,NaN,NaN,NaN,NaN,NaN,NaN,NaN,NaN,NaN,NaN,NaN,NaN,NaN,NaN,NaN,NaN,1997,1,25,1756,1,-55.8333,47.7667,1
TE,CG2845  97,9960,,,,,,,,NaN,384,NaN,NaN,NaN,NaN,NaN,NaN,NaN,NaN,NaN,NaN,NaN,NaN,NaN,NaN,NaN,NaN,NaN,NaN,NaN,1997,6,25,1618,1,-56.0333,47.6833,1
CD,18HB97003 ,1,,SEABIRD 25,1,,,S0078,,NaN,384,NaN,NaN,NaN,NaN,NaN,NaN,NaN,8,NaN,NaN,NaN,NaN,NaN,NaN,NaN,NaN,NaN,NaN,NaN,1997,6,25,1618,1,-56.0333,47.695,1
TE,CG2845  97,9959,,,,,,,,NaN,74,NaN,NaN,NaN,NaN,NaN,NaN,NaN,NaN,NaN,NaN,NaN,NaN,NaN,NaN,NaN,NaN,NaN,NaN,NaN,1997,6,25,1717,1,-56.0333,47.7,1
CD,18HB97003 ,2,,SEABIRD 25,2,,,S0078,,NaN,74,NaN,NaN,NaN,NaN,NaN,NaN,NaN,8,NaN,NaN,NaN,NaN,NaN,NaN,NaN,NaN,NaN,NaN,NaN,1997,6,25,1717,1,-56.0383,47.7083,1
TE,CG2845  97,9958,,,,,,,,NaN,148,NaN,NaN,NaN,NaN,NaN,NaN,NaN,NaN,NaN,NaN,NaN,NaN,NaN,NaN,NaN,NaN,NaN,NaN,NaN,1997,6,25,1740,1,-56.0167,47.7167,1
CD,18HB97003 ,3,,SEABIRD 25,3,,,S0078,,NaN,148,NaN,NaN,NaN,NaN,NaN,NaN,NaN,8,NaN,NaN,NaN,NaN,NaN,NaN,NaN,NaN,NaN,NaN,NaN,1997,6,25,1740,1,-56.0283,47.7233,1
TE,CG2845  97,9957,,,,,,,,NaN,270,NaN,NaN,NaN,NaN,NaN,NaN,NaN,NaN,NaN,NaN,NaN,NaN,NaN,NaN,NaN,NaN,NaN,NaN,NaN,1997,6,25,1837,1,-56,47.7167,1
CD,18HB97003 ,4,,SEABIRD 25,4,,,S0078,,NaN,270,NaN,NaN,NaN,NaN,NaN,NaN,NaN,8,NaN,NaN,NaN,NaN,NaN,NaN,NaN,NaN,NaN,NaN,NaN,1997,6,25,1837,1,-56.01,47.73,1
TE,CG2845  97,9981,,,,,,,,NaN,297,NaN,NaN,NaN,NaN,NaN,NaN,NaN,NaN,NaN,NaN,NaN,NaN,NaN,NaN,NaN,NaN,NaN,NaN,NaN,1997,6,25,1854,1,-55.98,47.73,1
CD,18HB97003 ,5,,SEABIRD 25,5,,,S0078,,NaN,297,NaN,NaN,NaN,NaN,NaN,NaN,NaN,8,NaN,NaN,NaN,NaN,NaN,NaN,NaN,NaN,NaN,NaN,NaN,1997,6,25,1854,1,-55.9933,47.7433,1
TE,CG2845  97,9980,,,,,,,,NaN,275,NaN,NaN,NaN,NaN,NaN,NaN,NaN,NaN,NaN,NaN,NaN,NaN,NaN,NaN,NaN,NaN,NaN,NaN,NaN,1997,6,25,2007,1,-55.91,47.75,1
CD,18HB97003 ,6,,SEABIRD 25,6,,,S0078,,NaN,275,NaN,NaN,NaN,NaN,NaN,NaN,NaN,8,NaN,NaN,NaN,NaN,NaN,NaN,NaN,NaN,NaN,NaN,NaN,1997,6,25,2007,1,-55.93,47.755,1
TE,CG2845  97,9979,,,,,,,,NaN,195,NaN,NaN,NaN,NaN,NaN,NaN,NaN,NaN,NaN,NaN,NaN,NaN,NaN,NaN,NaN,NaN,NaN,NaN,NaN,1997,6,25,2029,1,-55.95,47.75,1
CD,18HB97003 ,7,,SEABIRD 25,7,,,S0078,,NaN,195,NaN,NaN,NaN,NaN,NaN,NaN,NaN,8,NaN,NaN,NaN,NaN,NaN,NaN,NaN,NaN,NaN,NaN,NaN,1997,6,25,2029,1,-55.9517,47.76,1
TE,CG2845  97,9978,,,,,,,,NaN,224,NaN,NaN,NaN,NaN,NaN,NaN,NaN,NaN,NaN,NaN,NaN,NaN,NaN,NaN,NaN,NaN,NaN,NaN,NaN,1997,6,25,2053,1,-55.91,47.75,1
CD,18HB97003 ,8,,SEABIRD 25,8,,,S0078,,NaN,224,NaN,NaN,NaN,NaN,NaN,NaN,NaN,8,NaN,NaN,NaN,NaN,NaN,NaN,NaN,NaN,NaN,NaN,NaN,1997,6,25,2053,1,-55.925,47.76,1
TE,CG2845  97,9977,,,,,,,,NaN,206,NaN,NaN,NaN,NaN,NaN,NaN,NaN,NaN,NaN,NaN,NaN,NaN,NaN,NaN,NaN,NaN,NaN,NaN,NaN,1997,6,25,2115,1,-55.9,47.75,1
CD,18HB97003 ,9,,SEABIRD 25,9,,,S0078,,NaN,206,NaN,NaN,NaN,NaN,NaN,NaN,NaN,8,NaN,NaN,NaN,NaN,NaN,NaN,NaN,NaN,NaN,NaN,NaN,1997,6,25,2115,1,-55.9033,47.765,1
TE,CG2845  97,9976,,,,,,,,NaN,44,NaN,NaN,NaN,NaN,NaN,NaN,NaN,NaN,NaN,NaN,NaN,NaN,NaN,NaN,NaN,NaN,NaN,NaN,NaN,1997,6,26,1120,1,-55.9,47.9,5
CD,18HB97003 ,10,,SEABIRD 25,10,,,S0078,,NaN,44,NaN,NaN,NaN,NaN,NaN,NaN,NaN,8,NaN,NaN,NaN,NaN,NaN,NaN,NaN,NaN,NaN,NaN,NaN,1997,6,26,1120,1,-55.8,47.9033,1
TE,CG2845  97,9975,,,,,,,,NaN,50,NaN,NaN,NaN,NaN,NaN,NaN,NaN,NaN,NaN,NaN,NaN,NaN,NaN,NaN,NaN,NaN,NaN,NaN,NaN,1997,6,26,1140,1,-55.9,47.88,5
CD,18HB97003 ,11,,SEABIRD 25,11,,,S0078,,NaN,50,NaN,NaN,NaN,NaN,NaN,NaN,NaN,8,NaN,NaN,NaN,NaN,NaN,NaN,NaN,NaN,NaN,NaN,NaN,1997,6,26,1140,1,-55.8117,47.8917,1
TE,CG2845  97,9974,,,,,,,,NaN,66,NaN,NaN,NaN,NaN,NaN,NaN,NaN,NaN,NaN,NaN,NaN,NaN,NaN,NaN,NaN,NaN,NaN,NaN,NaN,1997,6,26,1211,1,-55.9,47.86,5
CD,18HB97003 ,12,,SEABIRD 25,12,,,S0078,,NaN,66,NaN,NaN,NaN,NaN,NaN,NaN,NaN,8,NaN,NaN,NaN,NaN,NaN,NaN,NaN,NaN,NaN,NaN,NaN,1997,6,26,1211,1,-55.81,47.8733,1
TE,CG2845  97,9973,,,,,,,,NaN,110,NaN,NaN,NaN,NaN,NaN,NaN,NaN,NaN,NaN,NaN,NaN,NaN,NaN,NaN,NaN,NaN,NaN,NaN,NaN,1997,6,26,1232,1,-55.9,47.85,5
CD,18HB97003 ,13,,SEABIRD 25,13,,,S0078,,NaN,110,NaN,NaN,NaN,NaN,NaN,NaN,NaN,8,NaN,NaN,NaN,NaN,NaN,NaN,NaN,NaN,NaN,NaN,NaN,1997,6,26,1232,1,-55.8167,47.8567,1
TE,CG2845  97,9972,,,,,,,,NaN,118,NaN,NaN,NaN,NaN,NaN,NaN,NaN,NaN,NaN,NaN,NaN,NaN,NaN,NaN,NaN,NaN,NaN,NaN,NaN,1997,6,26,1256,1,-55.81,47.83,1
CD,18HB97003 ,14,,SEABIRD 25,14,,,S0078,,NaN,118,NaN,NaN,NaN,NaN,NaN,NaN,NaN,8,NaN,NaN,NaN,NaN,NaN,NaN,NaN,NaN,NaN,NaN,NaN,1997,6,26,1256,1,-55.83,47.8433,1
TE,CG2845  97,9971,,,,,,,,NaN,168,NaN,NaN,NaN,NaN,NaN,NaN,NaN,NaN,NaN,NaN,NaN,NaN,NaN,NaN,NaN,NaN,NaN,NaN,NaN,1997,6,26,1319,1,-55.83,47.81,1
CD,18HB97003 ,15,,SEABIRD 25,15,,,S0078,,NaN,168,NaN,NaN,NaN,NaN,NaN,NaN,NaN,8,NaN,NaN,NaN,NaN,NaN,NaN,NaN,NaN,NaN,NaN,NaN,1997,6,26,1319,1,-55.84,47.8267,1
TE,CG2845  97,9970,,,,,,,,NaN,174,NaN,NaN,NaN,NaN,NaN,NaN,NaN,NaN,NaN,NaN,NaN,NaN,NaN,NaN,NaN,NaN,NaN,NaN,NaN,1997,6,26,1342,1,-55.83,47.8,1
CD,18HB97003 ,16,,SEABIRD 25,16,,,S0078,,NaN,174,NaN,NaN,NaN,NaN,NaN,NaN,NaN,8,NaN,NaN,NaN,NaN,NaN,NaN,NaN,NaN,NaN,NaN,NaN,1997,6,26,1342,1,-55.84,47.81,1
TE,CG2845  97,9969,,,,,,,,NaN,140,NaN,NaN,NaN,NaN,NaN,NaN,NaN,NaN,NaN,NaN,NaN,NaN,NaN,NaN,NaN,NaN,NaN,NaN,NaN,1997,6,26,1428,1,-55.83,47.78,1
CD,18HB97003 ,17,,SEABIRD 25,17,,,S0078,,NaN,140,NaN,NaN,NaN,NaN,NaN,NaN,NaN,8,NaN,NaN,NaN,NaN,NaN,NaN,NaN,NaN,NaN,NaN,NaN,1997,6,26,1428,1,-55.835,47.7883,1
TE,CG2845  97,9968,,,,,,,,NaN,152,NaN,NaN,NaN,NaN,NaN,NaN,NaN,NaN,NaN,NaN,NaN,NaN,NaN,NaN,NaN,NaN,NaN,NaN,NaN,1997,6,26,1453,1,-55.85,47.76,1
CD,18HB97003 ,18,,SEABIRD 25,18,,,S0078,,NaN,152,NaN,NaN,NaN,NaN,NaN,NaN,NaN,8,NaN,NaN,NaN,NaN,NaN,NaN,NaN,NaN,NaN,NaN,NaN,1997,6,26,1453,1,-55.86,47.78,1
TE,CG2845  97,9967,,,,,,,,NaN,122,NaN,NaN,NaN,NaN,NaN,NaN,NaN,NaN,NaN,NaN,NaN,NaN,NaN,NaN,NaN,NaN,NaN,NaN,NaN,1997,6,26,1512,1,-55.86,47.76,1
CD,18HB97003 ,19,,SEABIRD 25,19,,,S0078,,NaN,122,NaN,NaN,NaN,NaN,NaN,NaN,NaN,8,NaN,NaN,NaN,NaN,NaN,NaN,NaN,NaN,NaN,NaN,NaN,1997,6,26,1512,1,-55.88,47.7733,1
TE,CG2845  97,9966,,,,,,,,NaN,89,NaN,NaN,NaN,NaN,NaN,NaN,NaN,NaN,NaN,NaN,NaN,NaN,NaN,NaN,NaN,NaN,NaN,NaN,NaN,1997,6,26,1548,1,-55.83,47.76,1
CD,18HB97003 ,20,,SEABIRD 25,20,,,S0078,,NaN,89,NaN,NaN,NaN,NaN,NaN,NaN,NaN,8,NaN,NaN,NaN,NaN,NaN,NaN,NaN,NaN,NaN,NaN,NaN,1997,6,26,1548,1,-55.845,47.7667,1
CD,18BW97001 ,9,,SEABIRD 25,9,,,S0118,,NaN,42,NaN,NaN,NaN,NaN,NaN,NaN,NaN,8,NaN,NaN,NaN,NaN,NaN,NaN,NaN,NaN,NaN,NaN,NaN,1997,8,19,1430,1,-55.8,47.9033,1
CD,18BW97001 ,10,,SEABIRD 25,10,,,S0118,,NaN,49,NaN,NaN,NaN,NaN,NaN,NaN,NaN,8,NaN,NaN,NaN,NaN,NaN,NaN,NaN,NaN,NaN,NaN,NaN,1997,8,19,1442,1,-55.8117,47.8917,1
CD,18BW97001 ,11,,SEABIRD 25,11,,,S0118,,NaN,70,NaN,NaN,NaN,NaN,NaN,NaN,NaN,8,NaN,NaN,NaN,NaN,NaN,NaN,NaN,NaN,NaN,NaN,NaN,1997,8,19,1503,1,-55.81,47.8733,1
CD,18BW97001 ,12,,SEABIRD 25,12,,,S0118,,NaN,108,NaN,NaN,NaN,NaN,NaN,NaN,NaN,8,NaN,NaN,NaN,NaN,NaN,NaN,NaN,NaN,NaN,NaN,NaN,1997,8,19,1520,1,-55.8167,47.8567,1
CD,18BW97001 ,13,,SEABIRD 25,13,,,S0118,,NaN,105,NaN,NaN,NaN,NaN,NaN,NaN,NaN,8,NaN,NaN,NaN,NaN,NaN,NaN,NaN,NaN,NaN,NaN,NaN,1997,8,19,1815,1,-55.83,47.8433,1
CD,18BW97001 ,14,,SEABIRD 25,14,,,S0118,,NaN,83,NaN,NaN,NaN,NaN,NaN,NaN,NaN,8,NaN,NaN,NaN,NaN,NaN,NaN,NaN,NaN,NaN,NaN,NaN,1997,8,19,1832,1,-55.84,47.81,1
CD,18BW97001 ,15,,SEABIRD 25,15,,,S0118,,NaN,100,NaN,NaN,NaN,NaN,NaN,NaN,NaN,8,NaN,NaN,NaN,NaN,NaN,NaN,NaN,NaN,NaN,NaN,NaN,1997,8,19,1846,1,-55.835,47.7883,1
CD,18BW97001 ,16,,SEABIRD 25,16,,,S0118,,NaN,100,NaN,NaN,NaN,NaN,NaN,NaN,NaN,8,NaN,NaN,NaN,NaN,NaN,NaN,NaN,NaN,NaN,NaN,NaN,1997,8,19,1904,1,-55.86,47.78,1
CD,18BW97001 ,17,,SEABIRD 25,17,,,S0118,,NaN,100,NaN,NaN,NaN,NaN,NaN,NaN,NaN,8,NaN,NaN,NaN,NaN,NaN,NaN,NaN,NaN,NaN,NaN,NaN,1997,8,20,1535,1,-55.88,47.7733,1
CD,18BW97001 ,18,,SEABIRD 25,18,,,S0118,,NaN,100,NaN,NaN,NaN,NaN,NaN,NaN,NaN,8,NaN,NaN,NaN,NaN,NaN,NaN,NaN,NaN,NaN,NaN,NaN,1997,8,20,1550,1,-55.9033,47.765,1
CD,18BW97001 ,19,,SEABIRD 25,19,,,S0118,,NaN,150,NaN,NaN,NaN,NaN,NaN,NaN,NaN,8,NaN,NaN,NaN,NaN,NaN,NaN,NaN,NaN,NaN,NaN,NaN,1997,8,20,1626,1,-55.925,47.76,1
CD,18BW97001 ,20,,SEABIRD 25,20,,,S0118,,NaN,190,NaN,NaN,NaN,NaN,NaN,NaN,NaN,8,NaN,NaN,NaN,NaN,NaN,NaN,NaN,NaN,NaN,NaN,NaN,1997,8,20,1640,1,-55.9517,47.76,1
CD,18BW97001 ,21,,SEABIRD 25,21,,,S0118,,NaN,200,NaN,NaN,NaN,NaN,NaN,NaN,NaN,8,NaN,NaN,NaN,NaN,NaN,NaN,NaN,NaN,NaN,NaN,NaN,1997,8,20,1715,1,-55.975,47.755,1
CD,18BW97001 ,22,,SEABIRD 25,22,,,S0118,,NaN,250,NaN,NaN,NaN,NaN,NaN,NaN,NaN,8,NaN,NaN,NaN,NaN,NaN,NaN,NaN,NaN,NaN,NaN,NaN,1997,8,21,1420,1,-55.9933,47.7433,1
CD,18BW97001 ,23,,SEABIRD 25,23,,,S0118,,NaN,223,NaN,NaN,NaN,NaN,NaN,NaN,NaN,8,NaN,NaN,NaN,NaN,NaN,NaN,NaN,NaN,NaN,NaN,NaN,1997,8,21,1446,1,-56.01,47.73,1
CD,18BW97001 ,24,,SEABIRD 25,24,,,S0118,,NaN,145,NaN,NaN,NaN,NaN,NaN,NaN,NaN,8,NaN,NaN,NaN,NaN,NaN,NaN,NaN,NaN,NaN,NaN,NaN,1997,8,21,1507,1,-56.0283,47.7233,1
CD,18BW97001 ,25,,SEABIRD 25,25,,,S0118,,NaN,60,NaN,NaN,NaN,NaN,NaN,NaN,NaN,8,NaN,NaN,NaN,NaN,NaN,NaN,NaN,NaN,NaN,NaN,NaN,1997,8,21,1530,1,-56.0383,47.7083,1
CD,18BW97001 ,26,,SEABIRD 25,26,,,S0118,,NaN,330,NaN,NaN,NaN,NaN,NaN,NaN,NaN,8,NaN,NaN,NaN,NaN,NaN,NaN,NaN,NaN,NaN,NaN,NaN,1997,8,21,1552,1,-56.0333,47.695,1
CD,18BW97001 ,27,,SEABIRD 25,27,,,S0118,,NaN,45,NaN,NaN,NaN,NaN,NaN,NaN,NaN,8,NaN,NaN,NaN,NaN,NaN,NaN,NaN,NaN,NaN,NaN,NaN,1997,8,21,1625,1,-55.9567,47.7683,1
CD,18BW97001 ,28,,SEABIRD 25,28,,,S0118,,NaN,85,NaN,NaN,NaN,NaN,NaN,NaN,NaN,8,NaN,NaN,NaN,NaN,NaN,NaN,NaN,NaN,NaN,NaN,NaN,1997,8,21,1645,1,-55.845,47.7667,1
CD,18BW97001 ,29,,SEABIRD 25,29,,,S0118,,NaN,20,NaN,NaN,NaN,NaN,NaN,NaN,NaN,8,NaN,NaN,NaN,NaN,NaN,NaN,NaN,NaN,NaN,NaN,NaN,1997,8,21,1703,1,-55.8833,47.8,1
CD,18BW97001 ,30,,SEABIRD 25,30,,,S0118,,NaN,30,NaN,NaN,NaN,NaN,NaN,NaN,NaN,8,NaN,NaN,NaN,NaN,NaN,NaN,NaN,NaN,NaN,NaN,NaN,1997,8,21,1715,1,-55.865,47.7917,1
CD,18BW97001 ,31,,SEABIRD 25,31,,,S0118,,NaN,32,NaN,NaN,NaN,NaN,NaN,NaN,NaN,8,NaN,NaN,NaN,NaN,NaN,NaN,NaN,NaN,NaN,NaN,NaN,1997,8,21,1733,1,-55.8283,47.8667,1
CD,18HB97004 ,1,,SEABIRD 25,1,,,S0036,,NaN,44,NaN,NaN,NaN,NaN,NaN,NaN,NaN,8,NaN,NaN,NaN,NaN,NaN,NaN,NaN,NaN,NaN,NaN,NaN,1997,10,1,1126,1,-55.8,47.9033,1
TE,CG2845  97,9955,,,,,,,,NaN,50,NaN,NaN,NaN,NaN,NaN,NaN,NaN,NaN,NaN,NaN,NaN,NaN,NaN,NaN,NaN,NaN,NaN,NaN,NaN,1997,10,1,1201,1,-55.8,47.8833,1
CD,18HB97004 ,2,,SEABIRD 25,2,,,S0036,,NaN,50,NaN,NaN,NaN,NaN,NaN,NaN,NaN,8,NaN,NaN,NaN,NaN,NaN,NaN,NaN,NaN,NaN,NaN,NaN,1997,10,1,1201,1,-55.8117,47.8917,1
TE,CG2845  97,9954,,,,,,,,NaN,66,NaN,NaN,NaN,NaN,NaN,NaN,NaN,NaN,NaN,NaN,NaN,NaN,NaN,NaN,NaN,NaN,NaN,NaN,NaN,1997,10,1,1221,1,-55.8,47.8667,1
CD,18HB97004 ,3,,SEABIRD 25,3,,,S0036,,NaN,66,NaN,NaN,NaN,NaN,NaN,NaN,NaN,8,NaN,NaN,NaN,NaN,NaN,NaN,NaN,NaN,NaN,NaN,NaN,1997,10,1,1221,1,-55.81,47.8733,1
TE,CG2845  97,9953,,,,,,,,NaN,43,NaN,NaN,NaN,NaN,NaN,NaN,NaN,NaN,NaN,NaN,NaN,NaN,NaN,NaN,NaN,NaN,NaN,NaN,NaN,1997,10,1,1242,1,-55.8167,47.85,1
CD,18HB97004 ,4,,SEABIRD 25,4,,,S0036,,NaN,110,NaN,NaN,NaN,NaN,NaN,NaN,NaN,8,NaN,NaN,NaN,NaN,NaN,NaN,NaN,NaN,NaN,NaN,NaN,1997,10,1,1242,1,-55.8167,47.8567,1
CD,18HB97004 ,5,,SEABIRD 25,5,,,S0036,,NaN,120,NaN,NaN,NaN,NaN,NaN,NaN,NaN,8,NaN,NaN,NaN,NaN,NaN,NaN,NaN,NaN,NaN,NaN,NaN,1997,10,1,1315,1,-55.83,47.8433,1
CD,18HB97004 ,6,,SEABIRD 25,6,,,S0036,,NaN,168,NaN,NaN,NaN,NaN,NaN,NaN,NaN,8,NaN,NaN,NaN,NaN,NaN,NaN,NaN,NaN,NaN,NaN,NaN,1997,10,1,1347,1,-55.84,47.8267,1
CD,18HB97004 ,7,,SEABIRD 25,7,,,S0036,,NaN,168,NaN,NaN,NaN,NaN,NaN,NaN,NaN,8,NaN,NaN,NaN,NaN,NaN,NaN,NaN,NaN,NaN,NaN,NaN,1997,10,1,1440,1,-55.84,47.81,1
TE,CG2845  97,9952,,,,,,,,NaN,NaN,NaN,NaN,NaN,NaN,NaN,NaN,NaN,NaN,NaN,NaN,NaN,NaN,NaN,NaN,NaN,NaN,NaN,NaN,NaN,1997,10,1,1504,1,-55.8333,47.7833,1
CD,18HB97004 ,8,,SEABIRD 25,8,,,S0036,,NaN,155,NaN,NaN,NaN,NaN,NaN,NaN,NaN,8,NaN,NaN,NaN,NaN,NaN,NaN,NaN,NaN,NaN,NaN,NaN,1997,10,1,1504,1,-55.835,47.7883,1
CD,18HB97004 ,9,,SEABIRD 25,9,,,S0036,,NaN,155,NaN,NaN,NaN,NaN,NaN,NaN,NaN,8,NaN,NaN,NaN,NaN,NaN,NaN,NaN,NaN,NaN,NaN,NaN,1997,10,1,1555,1,-55.86,47.78,1
TE,CG2845  97,9951,,,,,,,,NaN,NaN,NaN,NaN,NaN,NaN,NaN,NaN,NaN,NaN,NaN,NaN,NaN,NaN,NaN,NaN,NaN,NaN,NaN,NaN,NaN,1997,10,1,1700,1,-55.8667,47.7667,1
CD,18HB97004 ,10,,SEABIRD 25,10,,,S0036,,NaN,140,NaN,NaN,NaN,NaN,NaN,NaN,NaN,8,NaN,NaN,NaN,NaN,NaN,NaN,NaN,NaN,NaN,NaN,NaN,1997,10,1,1700,1,-55.88,47.7733,1
CD,18HB97004 ,11,,SEABIRD 25,11,,,S0036,,NaN,202,NaN,NaN,NaN,NaN,NaN,NaN,NaN,8,NaN,NaN,NaN,NaN,NaN,NaN,NaN,NaN,NaN,NaN,NaN,1997,10,1,1725,1,-55.9033,47.765,1
TE,CG2845  97,9950,,,,,,,,NaN,NaN,NaN,NaN,NaN,NaN,NaN,NaN,NaN,NaN,NaN,NaN,NaN,NaN,NaN,NaN,NaN,NaN,NaN,NaN,NaN,1997,10,1,1755,1,-55.9167,47.75,1
CD,18HB97004 ,12,,SEABIRD 25,12,,,S0036,,NaN,220,NaN,NaN,NaN,NaN,NaN,NaN,NaN,8,NaN,NaN,NaN,NaN,NaN,NaN,NaN,NaN,NaN,NaN,NaN,1997,10,1,1755,1,-55.925,47.76,1
CD,18HB97004 ,13,,SEABIRD 25,13,,,S0036,,NaN,196,NaN,NaN,NaN,NaN,NaN,NaN,NaN,8,NaN,NaN,NaN,NaN,NaN,NaN,NaN,NaN,NaN,NaN,NaN,1997,10,1,1827,1,-55.9517,47.76,1
TE,CG2845  97,9940,,,,,,,,NaN,282,NaN,NaN,NaN,NaN,NaN,NaN,NaN,NaN,NaN,NaN,NaN,NaN,NaN,NaN,NaN,NaN,NaN,NaN,NaN,1997,10,1,1856,1,-55.9667,47.75,1
CD,18HB97004 ,14,,SEABIRD 25,14,,,S0036,,NaN,282,NaN,NaN,NaN,NaN,NaN,NaN,NaN,8,NaN,NaN,NaN,NaN,NaN,NaN,NaN,NaN,NaN,NaN,NaN,1997,10,1,1856,1,-55.975,47.755,1
TE,CG2845  97,9949,,,,,,,,NaN,290,NaN,NaN,NaN,NaN,NaN,NaN,NaN,NaN,NaN,NaN,NaN,NaN,NaN,NaN,NaN,NaN,NaN,NaN,NaN,1997,10,1,1939,1,-55.9833,47.7333,1
CD,18HB97004 ,15,,SEABIRD 25,15,,,S0036,,NaN,290,NaN,NaN,NaN,NaN,NaN,NaN,NaN,8,NaN,NaN,NaN,NaN,NaN,NaN,NaN,NaN,NaN,NaN,NaN,1997,10,1,1939,1,-55.9933,47.7433,1
TE,CG2845  97,9941,,,,/////,,,,NaN,NaN,NaN,NaN,NaN,NaN,NaN,NaN,NaN,NaN,NaN,NaN,NaN,NaN,NaN,NaN,NaN,NaN,NaN,NaN,NaN,1997,10,1,2008,1,-56,47.71,1
CD,18HB97004 ,16,,SEABIRD 25,16,,,S0036,,NaN,228,NaN,NaN,NaN,NaN,NaN,NaN,NaN,8,NaN,NaN,NaN,NaN,NaN,NaN,NaN,NaN,NaN,NaN,NaN,1997,10,1,2008,1,-56.01,47.73,1
TE,CG2845  97,9944,,,,,,,,NaN,148,NaN,NaN,NaN,NaN,NaN,NaN,NaN,NaN,NaN,NaN,NaN,NaN,NaN,NaN,NaN,NaN,NaN,NaN,NaN,1997,10,2,1248,1,-56.0167,47.7167,1
CD,18HB97004 ,17,,SEABIRD 25,17,,,S0036,,NaN,148,NaN,NaN,NaN,NaN,NaN,NaN,NaN,8,NaN,NaN,NaN,NaN,NaN,NaN,NaN,NaN,NaN,NaN,NaN,1997,10,2,1248,1,-56.0283,47.7233,1
CD,18HB97004 ,18,,SEABIRD 25,18,,,S0036,,NaN,45,NaN,NaN,NaN,NaN,NaN,NaN,NaN,8,NaN,NaN,NaN,NaN,NaN,NaN,NaN,NaN,NaN,NaN,NaN,1997,10,2,1329,1,-56.0383,47.7083,1
TE,CG2845  97,9938,,,,,,,,NaN,384,NaN,NaN,NaN,NaN,NaN,NaN,NaN,NaN,NaN,NaN,NaN,NaN,NaN,NaN,NaN,NaN,NaN,NaN,NaN,1997,10,2,1348,1,-56.0333,47.6833,1
CD,18HB97004 ,19,,SEABIRD 25,19,,,S0036,,NaN,384,NaN,NaN,NaN,NaN,NaN,NaN,NaN,8,NaN,NaN,NaN,NaN,NaN,NaN,NaN,NaN,NaN,NaN,NaN,1997,10,2,1348,1,-56.0333,47.695,1
CD,18HB97004 ,20,,SEABIRD 25,20,,,S0036,,NaN,166,NaN,NaN,NaN,NaN,NaN,NaN,NaN,8,NaN,NaN,NaN,NaN,NaN,NaN,NaN,NaN,NaN,NaN,NaN,1997,10,2,1452,1,-56.03,47.6867,1
CD,18HB97004 ,21,,SEABIRD 25,21,,,S0036,,NaN,28,NaN,NaN,NaN,NaN,NaN,NaN,NaN,8,NaN,NaN,NaN,NaN,NaN,NaN,NaN,NaN,NaN,NaN,NaN,1997,10,2,1515,1,-56.025,47.6817,1
CD,18HB97004 ,22,,SEABIRD 25,22,,,S0036,,NaN,348,NaN,NaN,NaN,NaN,NaN,NaN,NaN,8,NaN,NaN,NaN,NaN,NaN,NaN,NaN,NaN,NaN,NaN,NaN,1997,10,2,1549,1,-56.0083,47.7017,1
TE,CG2845  97,9948,,,,,,,,NaN,74,NaN,NaN,NaN,NaN,NaN,NaN,NaN,NaN,NaN,NaN,NaN,NaN,NaN,NaN,NaN,NaN,NaN,NaN,NaN,1997,10,2,1643,1,-55.9667,47.7,1
CD,18HB97004 ,23,,SEABIRD 25,23,,,S0036,,NaN,74,NaN,NaN,NaN,NaN,NaN,NaN,NaN,8,NaN,NaN,NaN,NaN,NaN,NaN,NaN,NaN,NaN,NaN,NaN,1997,10,2,1643,1,-55.9733,47.71,1
TE,CG2845  97,9947,,,,,,,,NaN,NaN,NaN,NaN,NaN,NaN,NaN,NaN,NaN,NaN,NaN,NaN,NaN,NaN,NaN,NaN,NaN,NaN,NaN,NaN,NaN,1997,10,2,1712,1,-55.9333,47.7167,1
CD,18HB97004 ,24,,SEABIRD 25,24,,,S0036,,NaN,148,NaN,NaN,NaN,NaN,NaN,NaN,NaN,8,NaN,NaN,NaN,NaN,NaN,NaN,NaN,NaN,NaN,NaN,NaN,1997,10,2,1712,1,-55.935,47.7167,1
CD,18HB97004 ,25,,SEABIRD 25,25,,,S0036,,NaN,207,NaN,NaN,NaN,NaN,NaN,NaN,NaN,8,NaN,NaN,NaN,NaN,NaN,NaN,NaN,NaN,NaN,NaN,NaN,1997,10,2,1755,1,-55.8917,47.725,1
CD,18HB97004 ,26,,SEABIRD 25,26,,,S0036,,NaN,150,NaN,NaN,NaN,NaN,NaN,NaN,NaN,8,NaN,NaN,NaN,NaN,NaN,NaN,NaN,NaN,NaN,NaN,NaN,1997,10,2,1827,1,-55.8717,47.735,1
TE,CG2845  97,9939,,,,,,,,NaN,72,NaN,NaN,NaN,NaN,NaN,NaN,NaN,NaN,NaN,NaN,NaN,NaN,NaN,NaN,NaN,NaN,NaN,NaN,NaN,1997,10,2,1853,1,-55.8667,47.7333,1
CD,18HB97004 ,27,,SEABIRD 25,27,,,S0036,,NaN,72,NaN,NaN,NaN,NaN,NaN,NaN,NaN,8,NaN,NaN,NaN,NaN,NaN,NaN,NaN,NaN,NaN,NaN,NaN,1997,10,2,1853,1,-55.8733,47.7433,1
CD,18HB97004 ,28,,SEABIRD 25,28,,,S0036,,NaN,166,NaN,NaN,NaN,NaN,NaN,NaN,NaN,8,NaN,NaN,NaN,NaN,NaN,NaN,NaN,NaN,NaN,NaN,NaN,1997,10,2,1946,1,-55.8617,47.7533,1
CD,18HB97004 ,29,,SEABIRD 25,29,,,S0036,,NaN,78,NaN,NaN,NaN,NaN,NaN,NaN,NaN,8,NaN,NaN,NaN,NaN,NaN,NaN,NaN,NaN,NaN,NaN,NaN,1997,10,2,2010,1,-55.845,47.7667,1
CD,18HB97004 ,30,,SEABIRD 25,30,,,S0036,,NaN,34,NaN,NaN,NaN,NaN,NaN,NaN,NaN,8,NaN,NaN,NaN,NaN,NaN,NaN,NaN,NaN,NaN,NaN,NaN,1997,10,2,2029,1,-55.85,47.775,1
TE,CG2845  97,9945,,,,,,,,NaN,32,NaN,NaN,NaN,NaN,NaN,NaN,NaN,NaN,NaN,NaN,NaN,NaN,NaN,NaN,NaN,NaN,NaN,NaN,NaN,1997,10,2,2051,1,-55.8667,47.7833,1
CD,18HB97004 ,31,,SEABIRD 25,31,,,S0036,,NaN,32,NaN,NaN,NaN,NaN,NaN,NaN,NaN,8,NaN,NaN,NaN,NaN,NaN,NaN,NaN,NaN,NaN,NaN,NaN,1997,10,2,2051,1,-55.8667,47.7933,1
TE,CG2845  97,9942,,,,,,,,NaN,NaN,NaN,NaN,NaN,NaN,NaN,NaN,NaN,NaN,NaN,NaN,NaN,NaN,NaN,NaN,NaN,NaN,NaN,NaN,NaN,1997,10,4,1831,1,-56.1167,47.6833,1
CD,18HB97004 ,32,,SEABIRD 25,32,,,S0036,,NaN,750,NaN,NaN,NaN,NaN,NaN,NaN,NaN,8,NaN,NaN,NaN,NaN,NaN,NaN,NaN,NaN,NaN,NaN,NaN,1997,10,4,1831,1,-56.1233,47.6867,1
CD,18BW97001 ,32,,SEABIRD 25,32,,,S0118,,NaN,45,NaN,NaN,NaN,NaN,NaN,NaN,NaN,8,NaN,NaN,NaN,NaN,NaN,NaN,NaN,NaN,NaN,NaN,NaN,1997,10,6,1900,1,-55.9567,47.7683,1
CD,18BW97001 ,33,,SEABIRD 25,33,,,S0118,,NaN,32,NaN,NaN,NaN,NaN,NaN,NaN,NaN,8,NaN,NaN,NaN,NaN,NaN,NaN,NaN,NaN,NaN,NaN,NaN,1997,10,6,1933,1,-55.865,47.7917,1
CD,18BW97001 ,34,,SEABIRD 25,34,,,S0118,,NaN,25,NaN,NaN,NaN,NaN,NaN,NaN,NaN,8,NaN,NaN,NaN,NaN,NaN,NaN,NaN,NaN,NaN,NaN,NaN,1997,10,6,1945,1,-55.8833,47.8,1
CD,18BW97001 ,35,,SEABIRD 25,35,,,S0118,,NaN,15,NaN,NaN,NaN,NaN,NaN,NaN,NaN,8,NaN,NaN,NaN,NaN,NaN,NaN,NaN,NaN,NaN,NaN,NaN,1997,10,6,2000,1,-55.8283,47.8667,1
TE,CG2845  97,9936,,,,/////,,,,NaN,384,NaN,NaN,NaN,NaN,NaN,NaN,NaN,NaN,NaN,NaN,NaN,NaN,NaN,NaN,NaN,NaN,NaN,NaN,NaN,1997,10,18,1348,5,-56.03,47.68,1
TE,CG2845  97,9937,,,,/////,,,,NaN,282,NaN,NaN,NaN,NaN,NaN,NaN,NaN,NaN,NaN,NaN,NaN,NaN,NaN,NaN,NaN,NaN,NaN,NaN,NaN,1997,10,18,1856,5,-55.96,47.75,1
TE,KWAL    97,9995,,,,,,,,NaN,NaN,NaN,NaN,NaN,NaN,NaN,NaN,NaN,NaN,NaN,NaN,NaN,NaN,NaN,NaN,NaN,NaN,NaN,NaN,NaN,1997,11,1,1315,5,-55.8167,47.8333,1
CD,18BW97001 ,36,,SEABIRD 25,36,,,S0118,,NaN,350,NaN,NaN,NaN,NaN,NaN,NaN,NaN,8,NaN,NaN,NaN,NaN,NaN,NaN,NaN,NaN,NaN,NaN,NaN,1997,11,17,1407,1,-56.0333,47.695,1
CD,18BW97001 ,37,,SEABIRD 25,37,,,S0118,,NaN,50,NaN,NaN,NaN,NaN,NaN,NaN,NaN,8,NaN,NaN,NaN,NaN,NaN,NaN,NaN,NaN,NaN,NaN,NaN,1997,11,17,1429,1,-56.0383,47.7083,1
CD,18BW97001 ,38,,SEABIRD 25,38,,,S0118,,NaN,140,NaN,NaN,NaN,NaN,NaN,NaN,NaN,8,NaN,NaN,NaN,NaN,NaN,NaN,NaN,NaN,NaN,NaN,NaN,1997,11,17,1439,1,-56.0283,47.7233,1
CD,18BW97001 ,39,,SEABIRD 25,39,,,S0118,,NaN,210,NaN,NaN,NaN,NaN,NaN,NaN,NaN,8,NaN,NaN,NaN,NaN,NaN,NaN,NaN,NaN,NaN,NaN,NaN,1997,11,17,1505,1,-56.01,47.73,1
CD,18BW97001 ,40,,SEABIRD 25,40,,,S0118,,NaN,300,NaN,NaN,NaN,NaN,NaN,NaN,NaN,8,NaN,NaN,NaN,NaN,NaN,NaN,NaN,NaN,NaN,NaN,NaN,1997,11,17,1520,1,-55.91,47.7433,1
CD,18BW97001 ,41,,SEABIRD 25,41,,,S0118,,NaN,275,NaN,NaN,NaN,NaN,NaN,NaN,NaN,8,NaN,NaN,NaN,NaN,NaN,NaN,NaN,NaN,NaN,NaN,NaN,1997,11,17,1540,1,-55.93,47.755,1
CD,18BW97001 ,42,,SEABIRD 25,42,,,S0118,,NaN,178,NaN,NaN,NaN,NaN,NaN,NaN,NaN,8,NaN,NaN,NaN,NaN,NaN,NaN,NaN,NaN,NaN,NaN,NaN,1997,11,17,1610,1,-55.9517,47.76,1
CD,18BW97001 ,43,,SEABIRD 25,43,,,S0118,,NaN,27,NaN,NaN,NaN,NaN,NaN,NaN,NaN,8,NaN,NaN,NaN,NaN,NaN,NaN,NaN,NaN,NaN,NaN,NaN,1997,11,17,1623,1,-55.9567,47.7683,1
CD,18BW97001 ,44,,SEABIRD 25,44,,,S0118,,NaN,221,NaN,NaN,NaN,NaN,NaN,NaN,NaN,8,NaN,NaN,NaN,NaN,NaN,NaN,NaN,NaN,NaN,NaN,NaN,1997,11,17,1634,1,-55.925,47.76,1
CD,18BW97001 ,45,,SEABIRD 25,45,,,S0118,,NaN,205,NaN,NaN,NaN,NaN,NaN,NaN,NaN,8,NaN,NaN,NaN,NaN,NaN,NaN,NaN,NaN,NaN,NaN,NaN,1997,11,17,1655,1,-55.9033,47.765,1
CD,18BW97001 ,46,,SEABIRD 25,46,,,S0118,,NaN,99,NaN,NaN,NaN,NaN,NaN,NaN,NaN,8,NaN,NaN,NaN,NaN,NaN,NaN,NaN,NaN,NaN,NaN,NaN,1997,11,18,1709,1,-55.88,47.7733,1
CD,18BW97001 ,47,,SEABIRD 25,47,,,S0118,,NaN,128,NaN,NaN,NaN,NaN,NaN,NaN,NaN,8,NaN,NaN,NaN,NaN,NaN,NaN,NaN,NaN,NaN,NaN,NaN,1997,11,18,1720,1,-55.86,47.78,1
CD,18BW97001 ,48,,SEABIRD 25,48,,,S0118,,NaN,80,NaN,NaN,NaN,NaN,NaN,NaN,NaN,8,NaN,NaN,NaN,NaN,NaN,NaN,NaN,NaN,NaN,NaN,NaN,1997,11,19,1400,1,-55.845,47.7667,1
CD,18BW97001 ,49,,SEABIRD 25,49,,,S0118,,NaN,55,NaN,NaN,NaN,NaN,NaN,NaN,NaN,8,NaN,NaN,NaN,NaN,NaN,NaN,NaN,NaN,NaN,NaN,NaN,1997,11,19,1415,1,-55.865,47.7917,1
CD,18BW97001 ,50,,SEABIRD 25,50,,,S0118,,NaN,27,NaN,NaN,NaN,NaN,NaN,NaN,NaN,8,NaN,NaN,NaN,NaN,NaN,NaN,NaN,NaN,NaN,NaN,NaN,1997,11,19,1425,1,-55.8833,47.8,1
CD,18BW97001 ,51,,SEABIRD 25,51,,,S0118,,NaN,130,NaN,NaN,NaN,NaN,NaN,NaN,NaN,8,NaN,NaN,NaN,NaN,NaN,NaN,NaN,NaN,NaN,NaN,NaN,1997,11,19,1440,1,-55.835,47.7883,1
CD,18BW97001 ,52,,SEABIRD 25,52,,,S0118,,NaN,167,NaN,NaN,NaN,NaN,NaN,NaN,NaN,8,NaN,NaN,NaN,NaN,NaN,NaN,NaN,NaN,NaN,NaN,NaN,1997,11,19,1455,1,-55.84,47.81,1
CD,18BW97001 ,53,,SEABIRD 25,53,,,S0118,,NaN,155,NaN,NaN,NaN,NaN,NaN,NaN,NaN,8,NaN,NaN,NaN,NaN,NaN,NaN,NaN,NaN,NaN,NaN,NaN,1997,11,19,1507,1,-55.84,47.8267,1
CD,18BW97001 ,54,,SEABIRD 25,54,,,S0118,,NaN,110,NaN,NaN,NaN,NaN,NaN,NaN,NaN,8,NaN,NaN,NaN,NaN,NaN,NaN,NaN,NaN,NaN,NaN,NaN,1997,11,19,1724,1,-55.83,47.8433,1
CD,18BW97001 ,55,,SEABIRD 25,55,,,S0118,,NaN,100,NaN,NaN,NaN,NaN,NaN,NaN,NaN,8,NaN,NaN,NaN,NaN,NaN,NaN,NaN,NaN,NaN,NaN,NaN,1997,11,19,1738,1,-55.8167,47.8567,1
CD,18BW97001 ,56,,SEABIRD 25,56,,,S0118,,NaN,60,NaN,NaN,NaN,NaN,NaN,NaN,NaN,8,NaN,NaN,NaN,NaN,NaN,NaN,NaN,NaN,NaN,NaN,NaN,1997,11,19,1754,1,-55.81,47.8733,1
CD,18BW97001 ,57,,SEABIRD 25,57,,,S0118,,NaN,45,NaN,NaN,NaN,NaN,NaN,NaN,NaN,8,NaN,NaN,NaN,NaN,NaN,NaN,NaN,NaN,NaN,NaN,NaN,1997,11,19,1809,1,-55.8117,47.8917,1
CD,18BW97001 ,58,,SEABIRD 25,58,,,S0118,,NaN,40,NaN,NaN,NaN,NaN,NaN,NaN,NaN,8,NaN,NaN,NaN,NaN,NaN,NaN,NaN,NaN,NaN,NaN,NaN,1997,11,19,1821,1,-55.8,47.9033,1
CD,18BW97001 ,59,,SEABIRD 25,59,,,S0118,,NaN,22,NaN,NaN,NaN,NaN,NaN,NaN,NaN,8,NaN,NaN,NaN,NaN,NaN,NaN,NaN,NaN,NaN,NaN,NaN,1997,11,19,1833,1,-55.8283,47.8667,1
CD,18HB98001 ,1,,SEABIRD 25,1,,,S0118,,NaN,37,NaN,NaN,NaN,NaN,NaN,NaN,NaN,8,NaN,NaN,NaN,NaN,NaN,NaN,NaN,NaN,NaN,NaN,NaN,1998,4,5,1138,1,-55.8,47.9033,1
CD,18HB98001 ,2,,SEABIRD 25,2,,,S0118,,NaN,52,NaN,NaN,NaN,NaN,NaN,NaN,NaN,8,NaN,NaN,NaN,NaN,NaN,NaN,NaN,NaN,NaN,NaN,NaN,1998,4,5,1155,1,-55.8117,47.8917,1
CD,18HB98001 ,3,,SEABIRD 25,3,,,S0118,,NaN,62,NaN,NaN,NaN,NaN,NaN,NaN,NaN,8,NaN,NaN,NaN,NaN,NaN,NaN,NaN,NaN,NaN,NaN,NaN,1998,4,5,1215,1,-55.81,47.8733,1
CD,18HB98001 ,4,,SEABIRD 25,4,,,S0118,,NaN,110,NaN,NaN,NaN,NaN,NaN,NaN,NaN,8,NaN,NaN,NaN,NaN,NaN,NaN,NaN,NaN,NaN,NaN,NaN,1998,4,5,1234,1,-55.8167,47.8567,1
CD,18HB98001 ,5,,SEABIRD 25,5,,,S0118,,NaN,121,NaN,NaN,NaN,NaN,NaN,NaN,NaN,8,NaN,NaN,NaN,NaN,NaN,NaN,NaN,NaN,NaN,NaN,NaN,1998,4,5,1255,1,-55.83,47.8433,1
CD,18HB98001 ,6,,SEABIRD 25,6,,,S0118,,NaN,167,NaN,NaN,NaN,NaN,NaN,NaN,NaN,8,NaN,NaN,NaN,NaN,NaN,NaN,NaN,NaN,NaN,NaN,NaN,1998,4,5,1320,1,-55.84,47.8267,1
CD,18HB98001 ,7,,SEABIRD 25,7,,,S0118,,NaN,174,NaN,NaN,NaN,NaN,NaN,NaN,NaN,8,NaN,NaN,NaN,NaN,NaN,NaN,NaN,NaN,NaN,NaN,NaN,1998,4,5,1347,1,-55.84,47.81,1
CD,18HB98001 ,8,,SEABIRD 25,8,,,S0118,,NaN,158,NaN,NaN,NaN,NaN,NaN,NaN,NaN,8,NaN,NaN,NaN,NaN,NaN,NaN,NaN,NaN,NaN,NaN,NaN,1998,4,5,1438,1,-55.835,47.7883,1
CD,18HB98001 ,9,,SEABIRD 25,9,,,S0118,,NaN,145,NaN,NaN,NaN,NaN,NaN,NaN,NaN,8,NaN,NaN,NaN,NaN,NaN,NaN,NaN,NaN,NaN,NaN,NaN,1998,4,5,1506,1,-55.86,47.78,1
CD,18HB98001 ,10,,SEABIRD 25,10,,,S0118,,NaN,100,NaN,NaN,NaN,NaN,NaN,NaN,NaN,8,NaN,NaN,NaN,NaN,NaN,NaN,NaN,NaN,NaN,NaN,NaN,1998,4,5,1527,1,-55.88,47.7733,1
CD,18HB98001 ,11,,SEABIRD 25,11,,,S0118,,NaN,187,NaN,NaN,NaN,NaN,NaN,NaN,NaN,8,NaN,NaN,NaN,NaN,NaN,NaN,NaN,NaN,NaN,NaN,NaN,1998,4,5,1546,1,-55.9033,47.765,1
CD,18HB98001 ,12,,SEABIRD 25,12,,,S0118,,NaN,223,NaN,NaN,NaN,NaN,NaN,NaN,NaN,8,NaN,NaN,NaN,NaN,NaN,NaN,NaN,NaN,NaN,NaN,NaN,1998,4,5,1608,1,-55.925,47.76,1
CD,18HB98001 ,13,,SEABIRD 25,13,,,S0118,,NaN,198,NaN,NaN,NaN,NaN,NaN,NaN,NaN,8,NaN,NaN,NaN,NaN,NaN,NaN,NaN,NaN,NaN,NaN,NaN,1998,4,5,1632,1,-55.9517,47.76,1
CD,18HB98001 ,14,,SEABIRD 25,14,,,S0118,,NaN,285,NaN,NaN,NaN,NaN,NaN,NaN,NaN,8,NaN,NaN,NaN,NaN,NaN,NaN,NaN,NaN,NaN,NaN,NaN,1998,4,5,1654,1,-55.975,47.755,1
CD,18HB98001 ,15,,SEABIRD 25,15,,,S0118,,NaN,265,NaN,NaN,NaN,NaN,NaN,NaN,NaN,8,NaN,NaN,NaN,NaN,NaN,NaN,NaN,NaN,NaN,NaN,NaN,1998,4,5,1746,1,-55.9933,47.7433,1
CD,18HB98001 ,16,,SEABIRD 25,16,,,S0118,,NaN,228,NaN,NaN,NaN,NaN,NaN,NaN,NaN,8,NaN,NaN,NaN,NaN,NaN,NaN,NaN,NaN,NaN,NaN,NaN,1998,4,5,1811,1,-56.01,47.73,1
CD,18HB98001 ,17,,SEABIRD 25,17,,,S0118,,NaN,105,NaN,NaN,NaN,NaN,NaN,NaN,NaN,8,NaN,NaN,NaN,NaN,NaN,NaN,NaN,NaN,NaN,NaN,NaN,1998,4,5,1833,1,-56.0283,47.7233,1
CD,18HB98001 ,18,,SEABIRD 25,18,,,S0118,,NaN,53,NaN,NaN,NaN,NaN,NaN,NaN,NaN,8,NaN,NaN,NaN,NaN,NaN,NaN,NaN,NaN,NaN,NaN,NaN,1998,4,5,1914,1,-56.0383,47.7083,1
CD,18HB98001 ,19,,SEABIRD 25,19,,,S0118,,NaN,385,NaN,NaN,NaN,NaN,NaN,NaN,NaN,8,NaN,NaN,NaN,NaN,NaN,NaN,NaN,NaN,NaN,NaN,NaN,1998,4,5,1944,1,-56.0333,47.695,1
CD,18HB98001 ,20,,SEABIRD 25,20,,,S0118,,NaN,156,NaN,NaN,NaN,NaN,NaN,NaN,NaN,8,NaN,NaN,NaN,NaN,NaN,NaN,NaN,NaN,NaN,NaN,NaN,1998,4,5,2018,1,-56.03,47.6867,1
CD,18HB98001 ,21,,SEABIRD 25,21,,,S0118,,NaN,55,NaN,NaN,NaN,NaN,NaN,NaN,NaN,8,NaN,NaN,NaN,NaN,NaN,NaN,NaN,NaN,NaN,NaN,NaN,1998,4,5,2035,1,-56.025,47.6817,1
CD,18HB98001 ,22,,SEABIRD 25,22,,,S0118,,NaN,293,NaN,NaN,NaN,NaN,NaN,NaN,NaN,8,NaN,NaN,NaN,NaN,NaN,NaN,NaN,NaN,NaN,NaN,NaN,1998,4,8,1648,1,-56.0083,47.7017,1
CD,18HB98001 ,23,,SEABIRD 25,23,,,S0118,,NaN,58,NaN,NaN,NaN,NaN,NaN,NaN,NaN,8,NaN,NaN,NaN,NaN,NaN,NaN,NaN,NaN,NaN,NaN,NaN,1998,4,8,1725,1,-55.9733,47.71,1
CD,18HB98001 ,24,,SEABIRD 25,24,,,S0118,,NaN,135,NaN,NaN,NaN,NaN,NaN,NaN,NaN,8,NaN,NaN,NaN,NaN,NaN,NaN,NaN,NaN,NaN,NaN,NaN,1998,4,8,1751,1,-55.935,47.7167,1
CD,18HB98001 ,25,,SEABIRD 25,25,,,S0118,,NaN,187,NaN,NaN,NaN,NaN,NaN,NaN,NaN,8,NaN,NaN,NaN,NaN,NaN,NaN,NaN,NaN,NaN,NaN,NaN,1998,4,8,1821,1,-55.8917,47.725,1
CD,18HB98001 ,26,,SEABIRD 25,26,,,S0118,,NaN,180,NaN,NaN,NaN,NaN,NaN,NaN,NaN,8,NaN,NaN,NaN,NaN,NaN,NaN,NaN,NaN,NaN,NaN,NaN,1998,4,8,1848,1,-55.8717,47.735,1
CD,18HB98001 ,27,,SEABIRD 25,27,,,S0118,,NaN,75,NaN,NaN,NaN,NaN,NaN,NaN,NaN,8,NaN,NaN,NaN,NaN,NaN,NaN,NaN,NaN,NaN,NaN,NaN,1998,4,8,2032,1,-55.8733,47.7433,1
CD,18HB98001 ,28,,SEABIRD 25,28,,,S0118,,NaN,163,NaN,NaN,NaN,NaN,NaN,NaN,NaN,8,NaN,NaN,NaN,NaN,NaN,NaN,NaN,NaN,NaN,NaN,NaN,1998,4,8,2049,1,-55.8617,47.7533,1
CD,18HB98001 ,29,,SEABIRD 25,29,,,S0118,,NaN,89,NaN,NaN,NaN,NaN,NaN,NaN,NaN,8,NaN,NaN,NaN,NaN,NaN,NaN,NaN,NaN,NaN,NaN,NaN,1998,4,8,2114,1,-55.845,47.7667,1
CD,18HB98001 ,30,,SEABIRD 25,30,,,S0118,,NaN,28,NaN,NaN,NaN,NaN,NaN,NaN,NaN,8,NaN,NaN,NaN,NaN,NaN,NaN,NaN,NaN,NaN,NaN,NaN,1998,4,8,2130,1,-55.85,47.775,1
TE,CG2845  98,9949,,,,,,,,NaN,61,NaN,NaN,NaN,NaN,NaN,NaN,NaN,NaN,NaN,NaN,NaN,NaN,NaN,NaN,NaN,NaN,NaN,NaN,NaN,1998,9,16,1310,1,-56.0333,47.7,1
CD,18HB98002 ,1,,SEABIRD 25,1,,,S0129,,NaN,61,NaN,NaN,NaN,NaN,NaN,NaN,NaN,8,NaN,NaN,NaN,NaN,NaN,NaN,NaN,NaN,NaN,NaN,NaN,1998,9,16,1310,1,-56.035,47.7067,1
CD,18HB98002 ,2,,SEABIRD 25,2,,,S0129,,NaN,42,NaN,NaN,NaN,NaN,NaN,NaN,NaN,8,NaN,NaN,NaN,NaN,NaN,NaN,NaN,NaN,NaN,NaN,NaN,1998,9,16,1510,1,-55.8617,47.785,1
TE,CG2845  98,9997,,,,,,,,NaN,36,NaN,NaN,NaN,NaN,NaN,NaN,NaN,NaN,NaN,NaN,NaN,NaN,NaN,NaN,NaN,NaN,NaN,NaN,NaN,1998,9,16,1548,1,-55.85,47.7667,1
CD,18HB98002 ,3,,SEABIRD 25,3,,,S0129,,NaN,36,NaN,NaN,NaN,NaN,NaN,NaN,NaN,8,NaN,NaN,NaN,NaN,NaN,NaN,NaN,NaN,NaN,NaN,NaN,1998,9,16,1548,1,-55.85,47.775,1
TE,CG2845  98,9996,,,,,,,,NaN,92,NaN,NaN,NaN,NaN,NaN,NaN,NaN,NaN,NaN,NaN,NaN,NaN,NaN,NaN,NaN,NaN,NaN,NaN,NaN,1998,9,16,1650,1,-55.8333,47.8,1
CD,18HB98002 ,4,,SEABIRD 25,4,,,S0129,,NaN,92,NaN,NaN,NaN,NaN,NaN,NaN,NaN,8,NaN,NaN,NaN,NaN,NaN,NaN,NaN,NaN,NaN,NaN,NaN,1998,9,16,1650,1,-55.8367,47.8033,1
TE,CG2845  98,9995,,,,,,,,NaN,32,NaN,NaN,NaN,NaN,NaN,NaN,NaN,NaN,NaN,NaN,NaN,NaN,NaN,NaN,NaN,NaN,NaN,NaN,NaN,1998,9,17,1132,1,-55.8,47.8,5
CD,18HB98002 ,5,,SEABIRD 25,5,,,S0129,,NaN,32,NaN,NaN,NaN,NaN,NaN,NaN,NaN,8,NaN,NaN,NaN,NaN,NaN,NaN,NaN,NaN,NaN,NaN,NaN,1998,9,17,1132,1,-55.8,47.9033,1
TE,CG2845  98,9994,,,,,,,,NaN,50,NaN,NaN,NaN,NaN,NaN,NaN,NaN,NaN,NaN,NaN,NaN,NaN,NaN,NaN,NaN,NaN,NaN,NaN,NaN,1998,9,17,1152,1,-55.8,47.8,5
CD,18HB98002 ,6,,SEABIRD 25,6,,,S0129,,NaN,50,NaN,NaN,NaN,NaN,NaN,NaN,NaN,8,NaN,NaN,NaN,NaN,NaN,NaN,NaN,NaN,NaN,NaN,NaN,1998,9,17,1152,1,-55.8117,47.8917,1
TE,CG2845  98,9993,,,,,,,,NaN,60,NaN,NaN,NaN,NaN,NaN,NaN,NaN,NaN,NaN,NaN,NaN,NaN,NaN,NaN,NaN,NaN,NaN,NaN,NaN,1998,9,17,1222,1,-55.8,47.8,5
CD,18HB98002 ,7,,SEABIRD 25,7,,,S0129,,NaN,60,NaN,NaN,NaN,NaN,NaN,NaN,NaN,8,NaN,NaN,NaN,NaN,NaN,NaN,NaN,NaN,NaN,NaN,NaN,1998,9,17,1222,1,-55.81,47.8733,1
TE,CG2845  98,9992,,,,,,,,NaN,110,NaN,NaN,NaN,NaN,NaN,NaN,NaN,NaN,NaN,NaN,NaN,NaN,NaN,NaN,NaN,NaN,NaN,NaN,NaN,1998,9,17,1246,1,-55.8167,47.8,5
CD,18HB98002 ,8,,SEABIRD 25,8,,,S0129,,NaN,110,NaN,NaN,NaN,NaN,NaN,NaN,NaN,8,NaN,NaN,NaN,NaN,NaN,NaN,NaN,NaN,NaN,NaN,NaN,1998,9,17,1246,1,-55.8167,47.8567,1
TE,CG2845  98,9991,,,,,,,,NaN,122,NaN,NaN,NaN,NaN,NaN,NaN,NaN,NaN,NaN,NaN,NaN,NaN,NaN,NaN,NaN,NaN,NaN,NaN,NaN,1998,9,17,1314,1,-55.8167,47.8333,1
CD,18HB98002 ,9,,SEABIRD 25,9,,,S0129,,NaN,122,NaN,NaN,NaN,NaN,NaN,NaN,NaN,8,NaN,NaN,NaN,NaN,NaN,NaN,NaN,NaN,NaN,NaN,NaN,1998,9,17,1314,1,-55.83,47.8433,1
TE,CG2845  98,9990,,,,,,,,NaN,166,NaN,NaN,NaN,NaN,NaN,NaN,NaN,NaN,NaN,NaN,NaN,NaN,NaN,NaN,NaN,NaN,NaN,NaN,NaN,1998,9,17,1341,1,-55.8333,47.8167,1
CD,18HB98002 ,10,,SEABIRD 25,10,,,S0129,,NaN,166,NaN,NaN,NaN,NaN,NaN,NaN,NaN,8,NaN,NaN,NaN,NaN,NaN,NaN,NaN,NaN,NaN,NaN,NaN,1998,9,17,1341,1,-55.84,47.8267,1
TE,CG2845  98,9989,,,,,,,,NaN,175,NaN,NaN,NaN,NaN,NaN,NaN,NaN,NaN,NaN,NaN,NaN,NaN,NaN,NaN,NaN,NaN,NaN,NaN,NaN,1998,9,17,1451,1,-55.8333,47.8,1
CD,18HB98002 ,11,,SEABIRD 25,11,,,S0129,,NaN,175,NaN,NaN,NaN,NaN,NaN,NaN,NaN,8,NaN,NaN,NaN,NaN,NaN,NaN,NaN,NaN,NaN,NaN,NaN,1998,9,17,1451,1,-55.84,47.81,1
TE,CG2845  98,9988,,,,,,,,NaN,112,NaN,NaN,NaN,NaN,NaN,NaN,NaN,NaN,NaN,NaN,NaN,NaN,NaN,NaN,NaN,NaN,NaN,NaN,NaN,1998,9,17,1527,1,-55.8333,47.7833,1
CD,18HB98002 ,12,,SEABIRD 25,12,,,S0129,,NaN,112,NaN,NaN,NaN,NaN,NaN,NaN,NaN,8,NaN,NaN,NaN,NaN,NaN,NaN,NaN,NaN,NaN,NaN,NaN,1998,9,17,1527,1,-55.835,47.7883,1
TE,CG2845  98,9987,,,,,,,,NaN,131,NaN,NaN,NaN,NaN,NaN,NaN,NaN,NaN,NaN,NaN,NaN,NaN,NaN,NaN,NaN,NaN,NaN,NaN,NaN,1998,9,17,1554,1,-55.85,47.7667,1
CD,18HB98002 ,13,,SEABIRD 25,13,,,S0129,,NaN,131,NaN,NaN,NaN,NaN,NaN,NaN,NaN,8,NaN,NaN,NaN,NaN,NaN,NaN,NaN,NaN,NaN,NaN,NaN,1998,9,17,1554,1,-55.86,47.78,1
TE,CG2845  98,9986,,,,,,,,NaN,114,NaN,NaN,NaN,NaN,NaN,NaN,NaN,NaN,NaN,NaN,NaN,NaN,NaN,NaN,NaN,NaN,NaN,NaN,NaN,1998,9,17,1617,1,-55.8667,47.7667,1
CD,18HB98002 ,14,,SEABIRD 25,14,,,S0129,,NaN,114,NaN,NaN,NaN,NaN,NaN,NaN,NaN,8,NaN,NaN,NaN,NaN,NaN,NaN,NaN,NaN,NaN,NaN,NaN,1998,9,17,1617,1,-55.88,47.7733,1
TE,CG2845  98,9985,,,,,,,,NaN,208,NaN,NaN,NaN,NaN,NaN,NaN,NaN,NaN,NaN,NaN,NaN,NaN,NaN,NaN,NaN,NaN,NaN,NaN,NaN,1998,9,17,1641,1,-55.9,47.75,1
CD,18HB98002 ,15,,SEABIRD 25,15,,,S0129,,NaN,208,NaN,NaN,NaN,NaN,NaN,NaN,NaN,8,NaN,NaN,NaN,NaN,NaN,NaN,NaN,NaN,NaN,NaN,NaN,1998,9,17,1641,1,-55.9033,47.765,1
TE,CG2845  98,9984,,,,,,,,NaN,221,NaN,NaN,NaN,NaN,NaN,NaN,NaN,NaN,NaN,NaN,NaN,NaN,NaN,NaN,NaN,NaN,NaN,NaN,NaN,1998,9,17,1710,1,-55.9167,47.75,1
CD,18HB98002 ,16,,SEABIRD 25,16,,,S0129,,NaN,221,NaN,NaN,NaN,NaN,NaN,NaN,NaN,8,NaN,NaN,NaN,NaN,NaN,NaN,NaN,NaN,NaN,NaN,NaN,1998,9,17,1710,1,-55.925,47.76,1
TE,CG2845  98,9983,,,,,,,,NaN,160,NaN,NaN,NaN,NaN,NaN,NaN,NaN,NaN,NaN,NaN,NaN,NaN,NaN,NaN,NaN,NaN,NaN,NaN,NaN,1998,9,17,1740,1,-55.95,47.75,1
CD,18HB98002 ,17,,SEABIRD 25,17,,,S0129,,NaN,160,NaN,NaN,NaN,NaN,NaN,NaN,NaN,8,NaN,NaN,NaN,NaN,NaN,NaN,NaN,NaN,NaN,NaN,NaN,1998,9,17,1740,1,-55.9517,47.76,1
TE,CG2845  98,9982,,,,,,,,NaN,280,NaN,NaN,NaN,NaN,NaN,NaN,NaN,NaN,NaN,NaN,NaN,NaN,NaN,NaN,NaN,NaN,NaN,NaN,NaN,1998,9,17,1813,1,-55.9667,47.75,1
CD,18HB98002 ,18,,SEABIRD 25,18,,,S0129,,NaN,280,NaN,NaN,NaN,NaN,NaN,NaN,NaN,8,NaN,NaN,NaN,NaN,NaN,NaN,NaN,NaN,NaN,NaN,NaN,1998,9,17,1813,1,-55.975,47.755,1
TE,CG2845  98,9981,,,,,,,,NaN,230,NaN,NaN,NaN,NaN,NaN,NaN,NaN,NaN,NaN,NaN,NaN,NaN,NaN,NaN,NaN,NaN,NaN,NaN,NaN,1998,9,17,1844,1,-55.9833,47.7333,1
CD,18HB98002 ,19,,SEABIRD 25,19,,,S0129,,NaN,230,NaN,NaN,NaN,NaN,NaN,NaN,NaN,8,NaN,NaN,NaN,NaN,NaN,NaN,NaN,NaN,NaN,NaN,NaN,1998,9,17,1844,1,-55.9933,47.7433,1
TE,CG2845  98,9948,,,,,,,,NaN,240,NaN,NaN,NaN,NaN,NaN,NaN,NaN,NaN,NaN,NaN,NaN,NaN,NaN,NaN,NaN,NaN,NaN,NaN,NaN,1998,9,17,1913,1,-56,47.7167,1
CD,18HB98002 ,20,,SEABIRD 25,20,,,S0129,,NaN,240,NaN,NaN,NaN,NaN,NaN,NaN,NaN,8,NaN,NaN,NaN,NaN,NaN,NaN,NaN,NaN,NaN,NaN,NaN,1998,9,17,1913,1,-56.01,47.73,1
TE,CG2845  98,9947,,,,,,,,NaN,176,NaN,NaN,NaN,NaN,NaN,NaN,NaN,NaN,NaN,NaN,NaN,NaN,NaN,NaN,NaN,NaN,NaN,NaN,NaN,1998,9,17,1939,1,-56.0167,47.7167,1
CD,18HB98002 ,21,,SEABIRD 25,21,,,S0129,,NaN,176,NaN,NaN,NaN,NaN,NaN,NaN,NaN,8,NaN,NaN,NaN,NaN,NaN,NaN,NaN,NaN,NaN,NaN,NaN,1998,9,17,1939,1,-56.0283,47.7233,1
CD,18HB98002 ,22,,SEABIRD 25,22,,,S0129,,NaN,43,NaN,NaN,NaN,NaN,NaN,NaN,NaN,8,NaN,NaN,NaN,NaN,NaN,NaN,NaN,NaN,NaN,NaN,NaN,1998,9,18,1321,1,-56.0383,47.7083,1
TE,CG2845  98,9945,,,,,,,,NaN,385,NaN,NaN,NaN,NaN,NaN,NaN,NaN,NaN,NaN,NaN,NaN,NaN,NaN,NaN,NaN,NaN,NaN,NaN,NaN,1998,9,18,1339,1,-56.0333,47.6833,1
CD,18HB98002 ,23,,SEABIRD 25,23,,,S0129,,NaN,385,NaN,NaN,NaN,NaN,NaN,NaN,NaN,8,NaN,NaN,NaN,NaN,NaN,NaN,NaN,NaN,NaN,NaN,NaN,1998,9,18,1339,1,-56.0333,47.695,1
TE,CG2845  98,9944,,,,,,,,NaN,145,NaN,NaN,NaN,NaN,NaN,NaN,NaN,NaN,NaN,NaN,NaN,NaN,NaN,NaN,NaN,NaN,NaN,NaN,NaN,1998,9,18,1458,1,-56.0167,47.6833,1
CD,18HB98002 ,24,,SEABIRD 25,24,,,S0129,,NaN,145,NaN,NaN,NaN,NaN,NaN,NaN,NaN,8,NaN,NaN,NaN,NaN,NaN,NaN,NaN,NaN,NaN,NaN,NaN,1998,9,18,1458,1,-56.03,47.6867,1
TE,CG2845  98,9943,,,,,,,,NaN,58,NaN,NaN,NaN,NaN,NaN,NaN,NaN,NaN,NaN,NaN,NaN,NaN,NaN,NaN,NaN,NaN,NaN,NaN,NaN,1998,9,18,1525,1,-56.0167,47.6667,1
CD,18HB98002 ,25,,SEABIRD 25,25,,,S0129,,NaN,58,NaN,NaN,NaN,NaN,NaN,NaN,NaN,8,NaN,NaN,NaN,NaN,NaN,NaN,NaN,NaN,NaN,NaN,NaN,1998,9,18,1525,1,-56.025,47.6817,1
TE,CG2845  98,9942,,,,,,,,NaN,286,NaN,NaN,NaN,NaN,NaN,NaN,NaN,NaN,NaN,NaN,NaN,NaN,NaN,NaN,NaN,NaN,NaN,NaN,NaN,1998,9,18,1551,1,-56,47.7,1
CD,18HB98002 ,26,,SEABIRD 25,26,,,S0129,,NaN,286,NaN,NaN,NaN,NaN,NaN,NaN,NaN,8,NaN,NaN,NaN,NaN,NaN,NaN,NaN,NaN,NaN,NaN,NaN,1998,9,18,1551,1,-56.0083,47.7017,1
TE,CG2845  98,9980,,,,,,,,NaN,93,NaN,NaN,NaN,NaN,NaN,NaN,NaN,NaN,NaN,NaN,NaN,NaN,NaN,NaN,NaN,NaN,NaN,NaN,NaN,1998,9,18,1628,1,-55.9667,47.7,1
CD,18HB98002 ,27,,SEABIRD 25,27,,,S0129,,NaN,93,NaN,NaN,NaN,NaN,NaN,NaN,NaN,8,NaN,NaN,NaN,NaN,NaN,NaN,NaN,NaN,NaN,NaN,NaN,1998,9,18,1628,1,-55.9733,47.71,1
TE,CG2845  98,9979,,,,,,,,NaN,142,NaN,NaN,NaN,NaN,NaN,NaN,NaN,NaN,NaN,NaN,NaN,NaN,NaN,NaN,NaN,NaN,NaN,NaN,NaN,1998,9,18,1703,1,-55.9333,47.7167,1
CD,18HB98002 ,28,,SEABIRD 25,28,,,S0129,,NaN,142,NaN,NaN,NaN,NaN,NaN,NaN,NaN,8,NaN,NaN,NaN,NaN,NaN,NaN,NaN,NaN,NaN,NaN,NaN,1998,9,18,1703,1,-55.935,47.7167,1
TE,CG2845  98,9978,,,,,,,,NaN,190,NaN,NaN,NaN,NaN,NaN,NaN,NaN,NaN,NaN,NaN,NaN,NaN,NaN,NaN,NaN,NaN,NaN,NaN,NaN,1998,9,18,1736,1,-55.8833,47.7167,1
CD,18HB98002 ,29,,SEABIRD 25,29,,,S0129,,NaN,190,NaN,NaN,NaN,NaN,NaN,NaN,NaN,8,NaN,NaN,NaN,NaN,NaN,NaN,NaN,NaN,NaN,NaN,NaN,1998,9,18,1736,1,-55.8917,47.725,1
TE,CG2845  98,9977,,,,,,,,NaN,171,NaN,NaN,NaN,NaN,NaN,NaN,NaN,NaN,NaN,NaN,NaN,NaN,NaN,NaN,NaN,NaN,NaN,NaN,NaN,1998,9,18,1807,1,-55.8667,47.7333,1
CD,18HB98002 ,30,,SEABIRD 25,30,,,S0129,,NaN,171,NaN,NaN,NaN,NaN,NaN,NaN,NaN,8,NaN,NaN,NaN,NaN,NaN,NaN,NaN,NaN,NaN,NaN,NaN,1998,9,18,1807,1,-55.8717,47.735,1
TE,CG2845  98,9976,,,,,,,,NaN,105,NaN,NaN,NaN,NaN,NaN,NaN,NaN,NaN,NaN,NaN,NaN,NaN,NaN,NaN,NaN,NaN,NaN,NaN,NaN,1998,9,18,1829,1,-55.8667,47.7333,1
CD,18HB98002 ,31,,SEABIRD 25,31,,,S0129,,NaN,105,NaN,NaN,NaN,NaN,NaN,NaN,NaN,8,NaN,NaN,NaN,NaN,NaN,NaN,NaN,NaN,NaN,NaN,NaN,1998,9,18,1829,1,-55.8733,47.7433,1
TE,CG2845  98,9975,,,,,,,,NaN,166,NaN,NaN,NaN,NaN,NaN,NaN,NaN,NaN,NaN,NaN,NaN,NaN,NaN,NaN,NaN,NaN,NaN,NaN,NaN,1998,9,18,1850,1,-55.85,47.75,1
CD,18HB98002 ,32,,SEABIRD 25,32,,,S0129,,NaN,166,NaN,NaN,NaN,NaN,NaN,NaN,NaN,8,NaN,NaN,NaN,NaN,NaN,NaN,NaN,NaN,NaN,NaN,NaN,1998,9,18,1850,1,-55.8617,47.7533,1
TE,CG2845  98,9974,,,,,,,,NaN,87,NaN,NaN,NaN,NaN,NaN,NaN,NaN,NaN,NaN,NaN,NaN,NaN,NaN,NaN,NaN,NaN,NaN,NaN,NaN,1998,9,18,1928,1,-55.8333,47.7667,1
CD,18HB98002 ,33,,SEABIRD 25,33,,,S0129,,NaN,87,NaN,NaN,NaN,NaN,NaN,NaN,NaN,8,NaN,NaN,NaN,NaN,NaN,NaN,NaN,NaN,NaN,NaN,NaN,1998,9,18,1928,1,-55.845,47.7667,1
CD,18HB98002 ,34,,SEABIRD 25,34,,,S0129,,NaN,33,NaN,NaN,NaN,NaN,NaN,NaN,NaN,8,NaN,NaN,NaN,NaN,NaN,NaN,NaN,NaN,NaN,NaN,NaN,1998,9,18,1950,1,-55.85,47.775,1
TE,CG2845  98,9972,,,,,,,,NaN,31,NaN,NaN,NaN,NaN,NaN,NaN,NaN,NaN,NaN,NaN,NaN,NaN,NaN,NaN,NaN,NaN,NaN,NaN,NaN,1998,9,20,1109,1,-55.8,47.8,5
CD,18HB98002 ,35,,SEABIRD 25,35,,,S0129,,NaN,31,NaN,NaN,NaN,NaN,NaN,NaN,NaN,8,NaN,NaN,NaN,NaN,NaN,NaN,NaN,NaN,NaN,NaN,NaN,1998,9,20,1109,1,-55.8,47.9033,1
TE,CG2845  98,9971,,,,,,,,NaN,49,NaN,NaN,NaN,NaN,NaN,NaN,NaN,NaN,NaN,NaN,NaN,NaN,NaN,NaN,NaN,NaN,NaN,NaN,NaN,1998,9,20,1125,1,-55.8,47.8,5
CD,18HB98002 ,36,,SEABIRD 25,36,,,S0129,,NaN,49,NaN,NaN,NaN,NaN,NaN,NaN,NaN,8,NaN,NaN,NaN,NaN,NaN,NaN,NaN,NaN,NaN,NaN,NaN,1998,9,20,1125,1,-55.8117,47.8917,1
TE,CG2845  98,9970,,,,,,,,NaN,73,NaN,NaN,NaN,NaN,NaN,NaN,NaN,NaN,NaN,NaN,NaN,NaN,NaN,NaN,NaN,NaN,NaN,NaN,NaN,1998,9,20,1155,1,-55.8,47.8,5
CD,18HB98002 ,37,,SEABIRD 25,37,,,S0129,,NaN,73,NaN,NaN,NaN,NaN,NaN,NaN,NaN,8,NaN,NaN,NaN,NaN,NaN,NaN,NaN,NaN,NaN,NaN,NaN,1998,9,20,1155,1,-55.81,47.8733,1
TE,CG2845  98,9969,,,,,,,,NaN,110,NaN,NaN,NaN,NaN,NaN,NaN,NaN,NaN,NaN,NaN,NaN,NaN,NaN,NaN,NaN,NaN,NaN,NaN,NaN,1998,9,20,1214,1,-55.8167,47.8,5
CD,18HB98002 ,38,,SEABIRD 25,38,,,S0129,,NaN,110,NaN,NaN,NaN,NaN,NaN,NaN,NaN,8,NaN,NaN,NaN,NaN,NaN,NaN,NaN,NaN,NaN,NaN,NaN,1998,9,20,1214,1,-55.8167,47.8567,1
TE,CG2845  98,9968,,,,,,,,NaN,113,NaN,NaN,NaN,NaN,NaN,NaN,NaN,NaN,NaN,NaN,NaN,NaN,NaN,NaN,NaN,NaN,NaN,NaN,NaN,1998,9,20,1234,1,-55.8167,47.8333,1
CD,18HB98002 ,39,,SEABIRD 25,39,,,S0129,,NaN,113,NaN,NaN,NaN,NaN,NaN,NaN,NaN,8,NaN,NaN,NaN,NaN,NaN,NaN,NaN,NaN,NaN,NaN,NaN,1998,9,20,1234,1,-55.83,47.8433,1
TE,CG2845  98,9967,,,,,,,,NaN,166,NaN,NaN,NaN,NaN,NaN,NaN,NaN,NaN,NaN,NaN,NaN,NaN,NaN,NaN,NaN,NaN,NaN,NaN,NaN,1998,9,20,1300,1,-55.8333,47.8167,1
CD,18HB98002 ,40,,SEABIRD 25,40,,,S0129,,NaN,166,NaN,NaN,NaN,NaN,NaN,NaN,NaN,8,NaN,NaN,NaN,NaN,NaN,NaN,NaN,NaN,NaN,NaN,NaN,1998,9,20,1300,1,-55.84,47.8267,1
TE,CG2845  98,9966,,,,,,,,NaN,165,NaN,NaN,NaN,NaN,NaN,NaN,NaN,NaN,NaN,NaN,NaN,NaN,NaN,NaN,NaN,NaN,NaN,NaN,NaN,1998,9,20,1328,1,-55.8333,47.8,1
CD,18HB98002 ,41,,SEABIRD 25,41,,,S0129,,NaN,165,NaN,NaN,NaN,NaN,NaN,NaN,NaN,8,NaN,NaN,NaN,NaN,NaN,NaN,NaN,NaN,NaN,NaN,NaN,1998,9,20,1328,1,-55.84,47.81,1
TE,CG2845  98,9965,,,,,,,,NaN,162,NaN,NaN,NaN,NaN,NaN,NaN,NaN,NaN,NaN,NaN,NaN,NaN,NaN,NaN,NaN,NaN,NaN,NaN,NaN,1998,9,20,1355,1,-55.8333,47.7833,1
CD,18HB98002 ,42,,SEABIRD 25,42,,,S0129,,NaN,162,NaN,NaN,NaN,NaN,NaN,NaN,NaN,8,NaN,NaN,NaN,NaN,NaN,NaN,NaN,NaN,NaN,NaN,NaN,1998,9,20,1355,1,-55.835,47.7883,1
TE,CG2845  98,9964,,,,,,,,NaN,113,NaN,NaN,NaN,NaN,NaN,NaN,NaN,NaN,NaN,NaN,NaN,NaN,NaN,NaN,NaN,NaN,NaN,NaN,NaN,1998,9,20,1447,1,-55.85,47.7667,1
CD,18HB98002 ,43,,SEABIRD 25,43,,,S0129,,NaN,113,NaN,NaN,NaN,NaN,NaN,NaN,NaN,8,NaN,NaN,NaN,NaN,NaN,NaN,NaN,NaN,NaN,NaN,NaN,1998,9,20,1447,1,-55.86,47.78,1
TE,CG2845  98,9963,,,,,,,,NaN,125,NaN,NaN,NaN,NaN,NaN,NaN,NaN,NaN,NaN,NaN,NaN,NaN,NaN,NaN,NaN,NaN,NaN,NaN,NaN,1998,9,20,1515,1,-55.8667,47.7667,1
CD,18HB98002 ,44,,SEABIRD 25,44,,,S0129,,NaN,125,NaN,NaN,NaN,NaN,NaN,NaN,NaN,8,NaN,NaN,NaN,NaN,NaN,NaN,NaN,NaN,NaN,NaN,NaN,1998,9,20,1515,1,-55.88,47.7733,1
TE,CG2845  98,9962,,,,,,,,NaN,207,NaN,NaN,NaN,NaN,NaN,NaN,NaN,NaN,NaN,NaN,NaN,NaN,NaN,NaN,NaN,NaN,NaN,NaN,NaN,1998,9,20,1536,1,-55.9,47.75,1
CD,18HB98002 ,45,,SEABIRD 25,45,,,S0129,,NaN,207,NaN,NaN,NaN,NaN,NaN,NaN,NaN,8,NaN,NaN,NaN,NaN,NaN,NaN,NaN,NaN,NaN,NaN,NaN,1998,9,20,1536,1,-55.9033,47.765,1
TE,CG2845  98,9961,,,,,,,,NaN,220,NaN,NaN,NaN,NaN,NaN,NaN,NaN,NaN,NaN,NaN,NaN,NaN,NaN,NaN,NaN,NaN,NaN,NaN,NaN,1998,9,20,1602,1,-55.9167,47.75,1
CD,18HB98002 ,46,,SEABIRD 25,46,,,S0129,,NaN,220,NaN,NaN,NaN,NaN,NaN,NaN,NaN,8,NaN,NaN,NaN,NaN,NaN,NaN,NaN,NaN,NaN,NaN,NaN,1998,9,20,1602,1,-55.925,47.76,1
TE,CG2845  98,9960,,,,,,,,NaN,189,NaN,NaN,NaN,NaN,NaN,NaN,NaN,NaN,NaN,NaN,NaN,NaN,NaN,NaN,NaN,NaN,NaN,NaN,NaN,1998,9,20,1631,1,-55.95,47.75,1
CD,18HB98002 ,47,,SEABIRD 25,47,,,S0129,,NaN,189,NaN,NaN,NaN,NaN,NaN,NaN,NaN,8,NaN,NaN,NaN,NaN,NaN,NaN,NaN,NaN,NaN,NaN,NaN,1998,9,20,1631,1,-55.9517,47.76,1
TE,CG2845  98,9959,,,,,,,,NaN,286,NaN,NaN,NaN,NaN,NaN,NaN,NaN,NaN,NaN,NaN,NaN,NaN,NaN,NaN,NaN,NaN,NaN,NaN,NaN,1998,9,21,1154,1,-55.9667,47.75,1
CD,18HB98002 ,48,,SEABIRD 25,48,,,S0129,,NaN,286,NaN,NaN,NaN,NaN,NaN,NaN,NaN,8,NaN,NaN,NaN,NaN,NaN,NaN,NaN,NaN,NaN,NaN,NaN,1998,9,21,1154,1,-55.975,47.755,1
TE,CG2845  98,9958,,,,,,,,NaN,231,NaN,NaN,NaN,NaN,NaN,NaN,NaN,NaN,NaN,NaN,NaN,NaN,NaN,NaN,NaN,NaN,NaN,NaN,NaN,1998,9,21,1236,1,-55.9833,47.7333,1
CD,18HB98002 ,49,,SEABIRD 25,49,,,S0129,,NaN,231,NaN,NaN,NaN,NaN,NaN,NaN,NaN,8,NaN,NaN,NaN,NaN,NaN,NaN,NaN,NaN,NaN,NaN,NaN,1998,9,21,1236,1,-55.9933,47.7433,1
TE,CG2845  98,9941,,,,,,,,NaN,220,NaN,NaN,NaN,NaN,NaN,NaN,NaN,NaN,NaN,NaN,NaN,NaN,NaN,NaN,NaN,NaN,NaN,NaN,NaN,1998,9,21,1302,1,-56,47.7167,1
CD,18HB98002 ,50,,SEABIRD 25,50,,,S0129,,NaN,220,NaN,NaN,NaN,NaN,NaN,NaN,NaN,8,NaN,NaN,NaN,NaN,NaN,NaN,NaN,NaN,NaN,NaN,NaN,1998,9,21,1302,1,-56.01,47.73,1
TE,CG2845  98,9940,,,,,,,,NaN,150,NaN,NaN,NaN,NaN,NaN,NaN,NaN,NaN,NaN,NaN,NaN,NaN,NaN,NaN,NaN,NaN,NaN,NaN,NaN,1998,9,21,1326,1,-56.0167,47.7167,1
CD,18HB98002 ,51,,SEABIRD 25,51,,,S0129,,NaN,150,NaN,NaN,NaN,NaN,NaN,NaN,NaN,8,NaN,NaN,NaN,NaN,NaN,NaN,NaN,NaN,NaN,NaN,NaN,1998,9,21,1326,1,-56.0283,47.7233,1
TE,CG2845  98,9939,,,,,,,,NaN,67,NaN,NaN,NaN,NaN,NaN,NaN,NaN,NaN,NaN,NaN,NaN,NaN,NaN,NaN,NaN,NaN,NaN,NaN,NaN,1998,9,21,1348,1,-56.0333,47.7,1
CD,18HB98002 ,52,,SEABIRD 25,52,,,S0129,,NaN,67,NaN,NaN,NaN,NaN,NaN,NaN,NaN,8,NaN,NaN,NaN,NaN,NaN,NaN,NaN,NaN,NaN,NaN,NaN,1998,9,21,1348,1,-56.0383,47.7083,1
TE,CG2845  98,9938,,,,,,,,NaN,388,NaN,NaN,NaN,NaN,NaN,NaN,NaN,NaN,NaN,NaN,NaN,NaN,NaN,NaN,NaN,NaN,NaN,NaN,NaN,1998,9,21,1438,1,-56.0333,47.6833,1
CD,18HB98002 ,53,,SEABIRD 25,53,,,S0129,,NaN,388,NaN,NaN,NaN,NaN,NaN,NaN,NaN,8,NaN,NaN,NaN,NaN,NaN,NaN,NaN,NaN,NaN,NaN,NaN,1998,9,21,1438,1,-56.0333,47.695,1
TE,CG2845  98,9937,,,,,,,,NaN,177,NaN,NaN,NaN,NaN,NaN,NaN,NaN,NaN,NaN,NaN,NaN,NaN,NaN,NaN,NaN,NaN,NaN,NaN,NaN,1998,9,21,1509,1,-56.0167,47.6833,1
CD,18HB98002 ,54,,SEABIRD 25,54,,,S0129,,NaN,177,NaN,NaN,NaN,NaN,NaN,NaN,NaN,8,NaN,NaN,NaN,NaN,NaN,NaN,NaN,NaN,NaN,NaN,NaN,1998,9,21,1509,1,-56.03,47.6867,1
TE,CG2845  98,9936,,,,,,,,NaN,39,NaN,NaN,NaN,NaN,NaN,NaN,NaN,NaN,NaN,NaN,NaN,NaN,NaN,NaN,NaN,NaN,NaN,NaN,NaN,1998,9,21,1528,1,-56.0167,47.6667,1
CD,18HB98002 ,55,,SEABIRD 25,55,,,S0129,,NaN,39,NaN,NaN,NaN,NaN,NaN,NaN,NaN,8,NaN,NaN,NaN,NaN,NaN,NaN,NaN,NaN,NaN,NaN,NaN,1998,9,21,1528,1,-56.025,47.6817,1
TE,CG2845  98,9935,,,,,,,,NaN,274,NaN,NaN,NaN,NaN,NaN,NaN,NaN,NaN,NaN,NaN,NaN,NaN,NaN,NaN,NaN,NaN,NaN,NaN,NaN,1998,9,21,1549,1,-56,47.7,1
CD,18HB98002 ,56,,SEABIRD 25,56,,,S0129,,NaN,274,NaN,NaN,NaN,NaN,NaN,NaN,NaN,8,NaN,NaN,NaN,NaN,NaN,NaN,NaN,NaN,NaN,NaN,NaN,1998,9,21,1549,1,-56.0083,47.7017,1
TE,CG2845  98,9957,,,,,,,,NaN,79,NaN,NaN,NaN,NaN,NaN,NaN,NaN,NaN,NaN,NaN,NaN,NaN,NaN,NaN,NaN,NaN,NaN,NaN,NaN,1998,9,21,1620,1,-55.9667,47.7,1
CD,18HB98002 ,57,,SEABIRD 25,57,,,S0129,,NaN,79,NaN,NaN,NaN,NaN,NaN,NaN,NaN,8,NaN,NaN,NaN,NaN,NaN,NaN,NaN,NaN,NaN,NaN,NaN,1998,9,21,1620,1,-55.9733,47.71,1
TE,CG2845  98,9956,,,,,,,,NaN,146,NaN,NaN,NaN,NaN,NaN,NaN,NaN,NaN,NaN,NaN,NaN,NaN,NaN,NaN,NaN,NaN,NaN,NaN,NaN,1998,9,21,1644,1,-55.9333,47.7167,1
CD,18HB98002 ,58,,SEABIRD 25,58,,,S0129,,NaN,146,NaN,NaN,NaN,NaN,NaN,NaN,NaN,8,NaN,NaN,NaN,NaN,NaN,NaN,NaN,NaN,NaN,NaN,NaN,1998,9,21,1644,1,-55.935,47.7167,1
TE,CG2845  98,9955,,,,,,,,NaN,192,NaN,NaN,NaN,NaN,NaN,NaN,NaN,NaN,NaN,NaN,NaN,NaN,NaN,NaN,NaN,NaN,NaN,NaN,NaN,1998,9,21,1711,1,-55.8833,47.7167,1
CD,18HB98002 ,59,,SEABIRD 25,59,,,S0129,,NaN,192,NaN,NaN,NaN,NaN,NaN,NaN,NaN,8,NaN,NaN,NaN,NaN,NaN,NaN,NaN,NaN,NaN,NaN,NaN,1998,9,21,1711,1,-55.8917,47.725,1
TE,CG2845  98,9954,,,,,,,,NaN,156,NaN,NaN,NaN,NaN,NaN,NaN,NaN,NaN,NaN,NaN,NaN,NaN,NaN,NaN,NaN,NaN,NaN,NaN,NaN,1998,9,21,1736,1,-55.8667,47.7333,1
CD,18HB98002 ,60,,SEABIRD 25,60,,,S0129,,NaN,156,NaN,NaN,NaN,NaN,NaN,NaN,NaN,8,NaN,NaN,NaN,NaN,NaN,NaN,NaN,NaN,NaN,NaN,NaN,1998,9,21,1736,1,-55.8717,47.735,1
TE,CG2845  98,9953,,,,,,,,NaN,88,NaN,NaN,NaN,NaN,NaN,NaN,NaN,NaN,NaN,NaN,NaN,NaN,NaN,NaN,NaN,NaN,NaN,NaN,NaN,1998,9,21,1758,1,-55.8667,47.7333,1
CD,18HB98002 ,61,,SEABIRD 25,61,,,S0129,,NaN,88,NaN,NaN,NaN,NaN,NaN,NaN,NaN,8,NaN,NaN,NaN,NaN,NaN,NaN,NaN,NaN,NaN,NaN,NaN,1998,9,21,1758,1,-55.8733,47.7433,1
TE,CG2845  98,9952,,,,,,,,NaN,164,NaN,NaN,NaN,NaN,NaN,NaN,NaN,NaN,NaN,NaN,NaN,NaN,NaN,NaN,NaN,NaN,NaN,NaN,NaN,1998,9,21,1819,1,-55.85,47.75,1
CD,18HB98002 ,62,,SEABIRD 25,62,,,S0129,,NaN,164,NaN,NaN,NaN,NaN,NaN,NaN,NaN,8,NaN,NaN,NaN,NaN,NaN,NaN,NaN,NaN,NaN,NaN,NaN,1998,9,21,1819,1,-55.8617,47.7533,1
TE,CG2845  98,9951,,,,,,,,NaN,86,NaN,NaN,NaN,NaN,NaN,NaN,NaN,NaN,NaN,NaN,NaN,NaN,NaN,NaN,NaN,NaN,NaN,NaN,NaN,1998,9,21,1841,1,-55.8333,47.7667,1
CD,18HB98002 ,63,,SEABIRD 25,63,,,S0129,,NaN,86,NaN,NaN,NaN,NaN,NaN,NaN,NaN,8,NaN,NaN,NaN,NaN,NaN,NaN,NaN,NaN,NaN,NaN,NaN,1998,9,21,1841,1,-55.845,47.7667,1
TE,CG2845  98,9950,,,,,,,,NaN,37,NaN,NaN,NaN,NaN,NaN,NaN,NaN,NaN,NaN,NaN,NaN,NaN,NaN,NaN,NaN,NaN,NaN,NaN,NaN,1998,9,21,1905,1,-55.85,47.7667,1
CD,18HB98002 ,64,,SEABIRD 25,64,,,S0129,,NaN,37,NaN,NaN,NaN,NaN,NaN,NaN,NaN,8,NaN,NaN,NaN,NaN,NaN,NaN,NaN,NaN,NaN,NaN,NaN,1998,9,21,1905,1,-55.85,47.775,1
TE,SHIP    01,9927,,,,,,,,NaN,32,NaN,NaN,NaN,NaN,NaN,NaN,NaN,NaN,NaN,NaN,NaN,NaN,NaN,NaN,NaN,NaN,NaN,NaN,NaN,2001,5,31,1250,1,-55.85,47.7833,1
CD,18VA01022 ,2,,SBE 25,2,,,S0118,,NaN,32,NaN,NaN,NaN,NaN,NaN,NaN,NaN,8,NaN,NaN,NaN,NaN,NaN,NaN,NaN,NaN,NaN,NaN,NaN,2001,5,31,1250,1,-55.8567,47.7917,1
TE,SHIP    01,9926,,,,,,,,NaN,41,NaN,NaN,NaN,NaN,NaN,NaN,NaN,NaN,NaN,NaN,NaN,NaN,NaN,NaN,NaN,NaN,NaN,NaN,NaN,2001,5,31,1320,1,-55.85,47.7833,1
CD,18VA01022 ,3,,SBE 25,3,,,S0118,,NaN,41,NaN,NaN,NaN,NaN,NaN,NaN,NaN,8,NaN,NaN,NaN,NaN,NaN,NaN,NaN,NaN,NaN,NaN,NaN,2001,5,31,1320,1,-55.8617,47.79,1
TE,SHIP    01,9925,,,,,,,,NaN,31,NaN,NaN,NaN,NaN,NaN,NaN,NaN,NaN,NaN,NaN,NaN,NaN,NaN,NaN,NaN,NaN,NaN,NaN,NaN,2001,5,31,1600,1,-55.8833,47.7833,1
CD,18VA01022 ,4,,SBE 25,4,,,S0118,,NaN,31,NaN,NaN,NaN,NaN,NaN,NaN,NaN,8,NaN,NaN,NaN,NaN,NaN,NaN,NaN,NaN,NaN,NaN,NaN,2001,5,31,1600,1,-55.8867,47.7983,1
CD,18VA01022 ,5,,SBE 25,5,,,S0118,,NaN,30,NaN,NaN,NaN,NaN,NaN,NaN,NaN,8,NaN,NaN,NaN,NaN,NaN,NaN,NaN,NaN,NaN,NaN,NaN,2001,5,31,1610,1,-55.8867,47.7983,1
TE,SHIP    01,9908,,,,,,,,NaN,71,NaN,NaN,NaN,NaN,NaN,NaN,NaN,NaN,NaN,NaN,NaN,NaN,NaN,NaN,NaN,NaN,NaN,NaN,NaN,2001,7,12,1145,1,-55.8833,47.6333,1
CD,18VA01024 ,1,,SBE 25,1,,,S0118,,NaN,71,NaN,NaN,NaN,NaN,NaN,NaN,NaN,8,NaN,NaN,NaN,NaN,NaN,NaN,NaN,NaN,NaN,NaN,NaN,2001,7,12,1145,1,-55.8933,47.6333,1
TE,SHIP    01,9907,,,,,,,,NaN,58,NaN,NaN,NaN,NaN,NaN,NaN,NaN,NaN,NaN,NaN,NaN,NaN,NaN,NaN,NaN,NaN,NaN,NaN,NaN,2001,7,12,1830,1,-55.9,47.6333,1
CD,18VA01024 ,3,,SBE 25,3,,,S0118,,NaN,58,NaN,NaN,NaN,NaN,NaN,NaN,NaN,8,NaN,NaN,NaN,NaN,NaN,NaN,NaN,NaN,NaN,NaN,NaN,2001,7,12,1830,1,-55.9083,47.6367,1
TE,SHIP    01,9906,,,,,,,,NaN,69,NaN,NaN,NaN,NaN,NaN,NaN,NaN,NaN,NaN,NaN,NaN,NaN,NaN,NaN,NaN,NaN,NaN,NaN,NaN,2001,7,12,1900,1,-55.9,47.6333,1
CD,18VA01024 ,4,,SBE 25,4,,,S0118,,NaN,69,NaN,NaN,NaN,NaN,NaN,NaN,NaN,8,NaN,NaN,NaN,NaN,NaN,NaN,NaN,NaN,NaN,NaN,NaN,2001,7,12,1900,1,-55.915,47.64,1
TE,SHIP    01,9905,,,,,,,,NaN,15,NaN,NaN,NaN,NaN,NaN,NaN,NaN,NaN,NaN,NaN,NaN,NaN,NaN,NaN,NaN,NaN,NaN,NaN,NaN,2001,7,13,1225,1,-55.8667,47.7833,1
CD,18VA01024 ,5,,SBE 25,5,,,S0118,,NaN,15,NaN,NaN,NaN,NaN,NaN,NaN,NaN,8,NaN,NaN,NaN,NaN,NaN,NaN,NaN,NaN,NaN,NaN,NaN,2001,7,13,1225,1,-55.87,47.7967,1
TE,SHIP    01,9904,,,,,,,,NaN,31,NaN,NaN,NaN,NaN,NaN,NaN,NaN,NaN,NaN,NaN,NaN,NaN,NaN,NaN,NaN,NaN,NaN,NaN,NaN,2001,7,13,1300,1,-55.8667,47.8,1
CD,18VA01024 ,6,,SBE 25,6,,,S0118,,NaN,31,NaN,NaN,NaN,NaN,NaN,NaN,NaN,8,NaN,NaN,NaN,NaN,NaN,NaN,NaN,NaN,NaN,NaN,NaN,2001,7,13,1300,1,-55.8767,47.8,1
CD,18VA01024 ,7,,SBE 25,7,,,S0118,,NaN,33,NaN,NaN,NaN,NaN,NaN,NaN,NaN,8,NaN,NaN,NaN,NaN,NaN,NaN,NaN,NaN,NaN,NaN,NaN,2001,7,13,1325,1,-55.8883,47.8033,1
TE,SHIP    01,9902,,,,,,,,NaN,16,NaN,NaN,NaN,NaN,NaN,NaN,NaN,NaN,NaN,NaN,NaN,NaN,NaN,NaN,NaN,NaN,NaN,NaN,NaN,2001,7,13,1400,1,-55.8833,47.8,1
CD,18VA01024 ,8,,SBE 25,8,,,S0118,,NaN,16,NaN,NaN,NaN,NaN,NaN,NaN,NaN,8,NaN,NaN,NaN,NaN,NaN,NaN,NaN,NaN,NaN,NaN,NaN,2001,7,13,1400,1,-55.8967,47.805,1
CD,18VA01020 ,2,,SBE 25,2,,,S0118,,NaN,101,NaN,NaN,NaN,NaN,NaN,NaN,NaN,8,NaN,NaN,NaN,NaN,NaN,NaN,NaN,NaN,NaN,NaN,NaN,2001,10,2,1415,1,-55.8933,47.63,1
TE,SHIP    01,9822,,,,,,,,NaN,58,NaN,NaN,NaN,NaN,NaN,NaN,NaN,NaN,NaN,NaN,NaN,NaN,NaN,NaN,NaN,NaN,NaN,NaN,NaN,2001,10,2,1448,1,-55.8833,47.6333,1
CD,18VA01020 ,3,,SBE 25,3,,,S0118,,NaN,58,NaN,NaN,NaN,NaN,NaN,NaN,NaN,8,NaN,NaN,NaN,NaN,NaN,NaN,NaN,NaN,NaN,NaN,NaN,2001,10,2,1448,1,-55.895,47.6333,1
TE,SHIP    01,9821,,,,,,,,NaN,40,NaN,NaN,NaN,NaN,NaN,NaN,NaN,NaN,NaN,NaN,NaN,NaN,NaN,NaN,NaN,NaN,NaN,NaN,NaN,2001,10,3,1230,1,-55.85,47.7833,1
CD,18VA01020 ,4,,SBE 25,4,,,S0118,,NaN,40,NaN,NaN,NaN,NaN,NaN,NaN,NaN,8,NaN,NaN,NaN,NaN,NaN,NaN,NaN,NaN,NaN,NaN,NaN,2001,10,3,1230,1,-55.86,47.7917,1
TE,SHIP    01,9820,,,,,,,,NaN,17,NaN,NaN,NaN,NaN,NaN,NaN,NaN,NaN,NaN,NaN,NaN,NaN,NaN,NaN,NaN,NaN,NaN,NaN,NaN,2001,10,3,1310,1,-55.8667,47.7833,1
CD,18VA01020 ,5,,SBE 25,5,,,S0118,,NaN,17,NaN,NaN,NaN,NaN,NaN,NaN,NaN,8,NaN,NaN,NaN,NaN,NaN,NaN,NaN,NaN,NaN,NaN,NaN,2001,10,3,1310,1,-55.87,47.7967,1
TE,SHIP    01,9819,,,,,,,,NaN,30,NaN,NaN,NaN,NaN,NaN,NaN,NaN,NaN,NaN,NaN,NaN,NaN,NaN,NaN,NaN,NaN,NaN,NaN,NaN,2001,10,3,1515,1,-55.8667,47.8,1
CD,18VA01020 ,6,,SBE 25,6,,,S0118,,NaN,30,NaN,NaN,NaN,NaN,NaN,NaN,NaN,8,NaN,NaN,NaN,NaN,NaN,NaN,NaN,NaN,NaN,NaN,NaN,2001,10,3,1515,1,-55.8767,47.8017,1
TE,SHIP    01,9818,,,,,,,,NaN,13,NaN,NaN,NaN,NaN,NaN,NaN,NaN,NaN,NaN,NaN,NaN,NaN,NaN,NaN,NaN,NaN,NaN,NaN,NaN,2001,10,3,1620,1,-55.8833,47.8,1
CD,18VA01020 ,7,,SBE 25,7,,,S0118,,NaN,13,NaN,NaN,NaN,NaN,NaN,NaN,NaN,8,NaN,NaN,NaN,NaN,NaN,NaN,NaN,NaN,NaN,NaN,NaN,2001,10,3,1620,1,-55.8967,47.805,1
TE,SHIP    01,9817,,,,,,,,NaN,31,NaN,NaN,NaN,NaN,NaN,NaN,NaN,NaN,NaN,NaN,NaN,NaN,NaN,NaN,NaN,NaN,NaN,NaN,NaN,2001,10,3,1830,1,-55.8833,47.8,1
CD,18VA01020 ,8,,SBE 25,8,,,S0118,,NaN,31,NaN,NaN,NaN,NaN,NaN,NaN,NaN,8,NaN,NaN,NaN,NaN,NaN,NaN,NaN,NaN,NaN,NaN,NaN,2001,10,3,1830,1,-55.89,47.8017,1
TE,SHIP    01,9816,,,,,,,,NaN,61,NaN,NaN,NaN,NaN,NaN,NaN,NaN,NaN,NaN,NaN,NaN,NaN,NaN,NaN,NaN,NaN,NaN,NaN,NaN,2001,10,4,1230,1,-55.9167,47.6667,1
CD,18VA01020 ,9,,SBE 25,9,,,S0118,,NaN,61,NaN,NaN,NaN,NaN,NaN,NaN,NaN,8,NaN,NaN,NaN,NaN,NaN,NaN,NaN,NaN,NaN,NaN,NaN,2001,10,4,1230,1,-55.9283,47.6733,1
TE,SHIP    01,9815,,,,,,,,NaN,56,NaN,NaN,NaN,NaN,NaN,NaN,NaN,NaN,NaN,NaN,NaN,NaN,NaN,NaN,NaN,NaN,NaN,NaN,NaN,2001,10,4,1300,1,-55.9167,47.6667,1
CD,18VA01020 ,10,,SBE 25,10,,,S0118,,NaN,56,NaN,NaN,NaN,NaN,NaN,NaN,NaN,8,NaN,NaN,NaN,NaN,NaN,NaN,NaN,NaN,NaN,NaN,NaN,2001,10,4,1300,1,-55.9267,47.6733,1
CD,18BW02004 ,10,,SBE 25,10,,,S0118,,NaN,16,NaN,NaN,NaN,NaN,NaN,NaN,NaN,8,NaN,NaN,NaN,NaN,NaN,NaN,NaN,NaN,NaN,NaN,NaN,2002,9,24,1615,1,-55.87,47.7967,1
CD,18BW02004 ,11,,SBE 25,11,,,S0118,,NaN,26,NaN,NaN,NaN,NaN,NaN,NaN,NaN,8,NaN,NaN,NaN,NaN,NaN,NaN,NaN,NaN,NaN,NaN,NaN,2002,9,24,1652,1,-55.8767,47.8017,1
CD,18BW02004 ,12,,SBE 25,12,,,S0118,,NaN,31,NaN,NaN,NaN,NaN,NaN,NaN,NaN,8,NaN,NaN,NaN,NaN,NaN,NaN,NaN,NaN,NaN,NaN,NaN,2002,9,24,1730,1,-55.89,47.8017,1
CD,18BW02004 ,15,,SBE 25,15,,,S0118,,NaN,76,NaN,NaN,NaN,NaN,NaN,NaN,NaN,8,NaN,NaN,NaN,NaN,NaN,NaN,NaN,NaN,NaN,NaN,NaN,2002,9,25,1130,1,-55.8833,47.6483,1
CD,18BW02004 ,16,,SBE 25,16,,,S0118,,NaN,18,NaN,NaN,NaN,NaN,NaN,NaN,NaN,8,NaN,NaN,NaN,NaN,NaN,NaN,NaN,NaN,NaN,NaN,NaN,2002,9,25,1300,1,-55.9033,47.6367,1
CD,18BW02004 ,17,,SBE 25,17,,,S0118,,NaN,50,NaN,NaN,NaN,NaN,NaN,NaN,NaN,8,NaN,NaN,NaN,NaN,NaN,NaN,NaN,NaN,NaN,NaN,NaN,2002,9,25,1400,1,-55.915,47.6417,1
CD,18BW02004 ,18,,SBE 25,18,,,S0118,,NaN,63,NaN,NaN,NaN,NaN,NaN,NaN,NaN,8,NaN,NaN,NaN,NaN,NaN,NaN,NaN,NaN,NaN,NaN,NaN,2002,9,25,1700,1,-55.9267,47.6733,1
BA,SHIP    06,8453,,,,6105,,,,NaN,NaN,NaN,NaN,NaN,NaN,NaN,NaN,NaN,NaN,NaN,NaN,NaN,NaN,NaN,NaN,NaN,NaN,NaN,NaN,NaN,2006,7,12,2101,1,-55.95,47.7167,1
TE,CG2676  09,9969,,,,83099,,,,NaN,340,NaN,NaN,NaN,NaN,NaN,NaN,NaN,NaN,NaN,NaN,NaN,NaN,NaN,NaN,NaN,NaN,NaN,NaN,NaN,2009,6,19,1630,1,-55.764,47.64,1
TE,CG2676  09,9968,,,,83099,,,,NaN,210,NaN,NaN,NaN,NaN,NaN,NaN,NaN,NaN,NaN,NaN,NaN,NaN,NaN,NaN,NaN,NaN,NaN,NaN,NaN,2009,6,19,1700,1,-55.718,47.659,1
TE,CG2676  09,9964,,,,83099,,,,NaN,55,NaN,NaN,NaN,NaN,NaN,NaN,NaN,NaN,NaN,NaN,NaN,NaN,NaN,NaN,NaN,NaN,NaN,NaN,NaN,2009,6,19,1915,1,-55.91,47.635,1
TE,CG2676  09,9963,,,,83099,,,,NaN,75,NaN,NaN,NaN,NaN,NaN,NaN,NaN,NaN,NaN,NaN,NaN,NaN,NaN,NaN,NaN,NaN,NaN,NaN,NaN,2009,6,19,1950,1,-55.927,47.648,1
TE,CG2676  09,9962,,,,83099,,,,NaN,75,NaN,NaN,NaN,NaN,NaN,NaN,NaN,NaN,NaN,NaN,NaN,NaN,NaN,NaN,NaN,NaN,NaN,NaN,NaN,2009,6,19,2035,1,-55.934,47.667,1
TE,CG2676  09,9961,,,,83099,,,,NaN,105,NaN,NaN,NaN,NaN,NaN,NaN,NaN,NaN,NaN,NaN,NaN,NaN,NaN,NaN,NaN,NaN,NaN,NaN,NaN,2009,6,19,2055,1,-55.923,47.683,1
TE,CG2676  09,9960,,,,83099,,,,NaN,140,NaN,NaN,NaN,NaN,NaN,NaN,NaN,NaN,NaN,NaN,NaN,NaN,NaN,NaN,NaN,NaN,NaN,NaN,NaN,2009,6,20,1015,1,-55.856,47.78,1
TE,CG2676  09,9959,,,,83099,,,,NaN,205,NaN,NaN,NaN,NaN,NaN,NaN,NaN,NaN,NaN,NaN,NaN,NaN,NaN,NaN,NaN,NaN,NaN,NaN,NaN,2009,6,20,1040,1,-55.904,47.764,1
TE,CG2676  09,9958,,,,83099,,,,NaN,185,NaN,NaN,NaN,NaN,NaN,NaN,NaN,NaN,NaN,NaN,NaN,NaN,NaN,NaN,NaN,NaN,NaN,NaN,NaN,2009,6,20,1115,1,-55.96,47.758,1
TE,CG2676  09,9912,,,,83099,,,,NaN,260,NaN,NaN,NaN,NaN,NaN,NaN,NaN,NaN,NaN,NaN,NaN,NaN,NaN,NaN,NaN,NaN,NaN,NaN,NaN,2009,6,20,1145,1,-56.001,47.736,1
TE,CG2676  09,9911,,,,83099,,,,NaN,135,NaN,NaN,NaN,NaN,NaN,NaN,NaN,NaN,NaN,NaN,NaN,NaN,NaN,NaN,NaN,NaN,NaN,NaN,NaN,2009,6,20,1220,1,-56.038,47.714,1
TE,CG2676  09,9910,,,,83099,,,,NaN,430,NaN,NaN,NaN,NaN,NaN,NaN,NaN,NaN,NaN,NaN,NaN,NaN,NaN,NaN,NaN,NaN,NaN,NaN,NaN,2009,6,20,1245,1,-56.066,47.685,1
TE,CG2676  09,9909,,,,83099,,,,NaN,765,NaN,NaN,NaN,NaN,NaN,NaN,NaN,NaN,NaN,NaN,NaN,NaN,NaN,NaN,NaN,NaN,NaN,NaN,NaN,2009,6,20,1330,1,-56.125,47.657,1
TE,CG2676  09,9907,,,,83099,,,,NaN,630,NaN,NaN,NaN,NaN,NaN,NaN,NaN,NaN,NaN,NaN,NaN,NaN,NaN,NaN,NaN,NaN,NaN,NaN,NaN,2009,6,20,1500,1,-56.129,47.638,1
TE,CG2676  09,9906,,,,83099,,,,NaN,790,NaN,NaN,NaN,NaN,NaN,NaN,NaN,NaN,NaN,NaN,NaN,NaN,NaN,NaN,NaN,NaN,NaN,NaN,NaN,2009,6,20,1550,1,-56.121,47.679,1
TE,CG2676  09,9905,,,,83099,,,,NaN,796,NaN,NaN,NaN,NaN,NaN,NaN,NaN,NaN,NaN,NaN,NaN,NaN,NaN,NaN,NaN,NaN,NaN,NaN,NaN,2009,6,20,1635,1,-56.134,47.713,1
TE,CG2676  09,9904,,,,83099,,,,NaN,163,NaN,NaN,NaN,NaN,NaN,NaN,NaN,NaN,NaN,NaN,NaN,NaN,NaN,NaN,NaN,NaN,NaN,NaN,NaN,2009,6,20,1715,1,-56.104,47.707,1
TE,CG2676  09,9903,,,,83099,,,,NaN,790,NaN,NaN,NaN,NaN,NaN,NaN,NaN,NaN,NaN,NaN,NaN,NaN,NaN,NaN,NaN,NaN,NaN,NaN,NaN,2009,6,20,1735,1,-56.137,47.694,1
TE,CG2676  09,9902,,,,83099,,,,NaN,120,NaN,NaN,NaN,NaN,NaN,NaN,NaN,NaN,NaN,NaN,NaN,NaN,NaN,NaN,NaN,NaN,NaN,NaN,NaN,2009,6,20,1815,1,-56.149,47.674,1
TE,CG2676  09,9901,,,,83099,,,,NaN,95,NaN,NaN,NaN,NaN,NaN,NaN,NaN,NaN,NaN,NaN,NaN,NaN,NaN,NaN,NaN,NaN,NaN,NaN,NaN,2009,6,20,1835,1,-56.17,47.678,1
TE,CG2676  09,9957,,,,83099,,,,NaN,115,NaN,NaN,NaN,NaN,NaN,NaN,NaN,NaN,NaN,NaN,NaN,NaN,NaN,NaN,NaN,NaN,NaN,NaN,NaN,2009,6,21,1005,1,-55.834,47.839,1
TE,CG2676  09,9956,,,,83099,,,,NaN,178,NaN,NaN,NaN,NaN,NaN,NaN,NaN,NaN,NaN,NaN,NaN,NaN,NaN,NaN,NaN,NaN,NaN,NaN,NaN,2009,6,21,1035,1,-55.839,47.803,1
TE,CG2676  09,9955,,,,83099,,,,NaN,135,NaN,NaN,NaN,NaN,NaN,NaN,NaN,NaN,NaN,NaN,NaN,NaN,NaN,NaN,NaN,NaN,NaN,NaN,NaN,2009,6,21,1105,1,-55.881,47.773,1
TE,CG2676  09,9954,,,,83099,,,,NaN,222,NaN,NaN,NaN,NaN,NaN,NaN,NaN,NaN,NaN,NaN,NaN,NaN,NaN,NaN,NaN,NaN,NaN,NaN,NaN,2009,6,21,1130,1,-55.931,47.759,1
TE,CG2676  09,9953,,,,83099,,,,NaN,292,NaN,NaN,NaN,NaN,NaN,NaN,NaN,NaN,NaN,NaN,NaN,NaN,NaN,NaN,NaN,NaN,NaN,NaN,NaN,2009,6,21,1205,1,-55.987,47.752,1
TE,CG2676  09,9900,,,,83099,,,,NaN,183,NaN,NaN,NaN,NaN,NaN,NaN,NaN,NaN,NaN,NaN,NaN,NaN,NaN,NaN,NaN,NaN,NaN,NaN,NaN,2009,6,21,1235,1,-56.024,47.725,1
TE,CG2676  09,9899,,,,83099,,,,NaN,390,NaN,NaN,NaN,NaN,NaN,NaN,NaN,NaN,NaN,NaN,NaN,NaN,NaN,NaN,NaN,NaN,NaN,NaN,NaN,2009,6,21,1305,1,-56.041,47.691,1
TE,CG2676  09,9898,,,,83099,,,,NaN,115,NaN,NaN,NaN,NaN,NaN,NaN,NaN,NaN,NaN,NaN,NaN,NaN,NaN,NaN,NaN,NaN,NaN,NaN,NaN,2009,6,21,1350,1,-56.091,47.669,1
TE,CG2676  09,9897,,,,83099,,,,NaN,335,NaN,NaN,NaN,NaN,NaN,NaN,NaN,NaN,NaN,NaN,NaN,NaN,NaN,NaN,NaN,NaN,NaN,NaN,NaN,2009,6,21,1520,1,-56.092,47.677,1
TE,CG2676  09,9896,,,,83099,,,,NaN,553,NaN,NaN,NaN,NaN,NaN,NaN,NaN,NaN,NaN,NaN,NaN,NaN,NaN,NaN,NaN,NaN,NaN,NaN,NaN,2009,6,21,1600,1,-56.094,47.684,1
TE,CG2676  09,9895,,,,83099,,,,NaN,290,NaN,NaN,NaN,NaN,NaN,NaN,NaN,NaN,NaN,NaN,NaN,NaN,NaN,NaN,NaN,NaN,NaN,NaN,NaN,2009,6,21,1640,1,-56.095,47.69,1
TE,CG2676  09,9894,,,,83099,,,,NaN,238,NaN,NaN,NaN,NaN,NaN,NaN,NaN,NaN,NaN,NaN,NaN,NaN,NaN,NaN,NaN,NaN,NaN,NaN,NaN,2009,6,21,1725,1,-56.012,47.697,1
TE,CG2676  09,9952,,,,83099,,,,NaN,130,NaN,NaN,NaN,NaN,NaN,NaN,NaN,NaN,NaN,NaN,NaN,NaN,NaN,NaN,NaN,NaN,NaN,NaN,NaN,2009,6,21,1755,1,-55.975,47.711,1
TE,CG2676  09,9951,,,,83099,,,,NaN,140,NaN,NaN,NaN,NaN,NaN,NaN,NaN,NaN,NaN,NaN,NaN,NaN,NaN,NaN,NaN,NaN,NaN,NaN,NaN,2009,6,21,1815,1,-55.982,47.695,1
TE,CG2676  09,9950,,,,83099,,,,NaN,75,NaN,NaN,NaN,NaN,NaN,NaN,NaN,NaN,NaN,NaN,NaN,NaN,NaN,NaN,NaN,NaN,NaN,NaN,NaN,2009,6,21,1840,1,-55.952,47.697,1
TE,CG2676  09,9949,,,,83099,,,,NaN,110,NaN,NaN,NaN,NaN,NaN,NaN,NaN,NaN,NaN,NaN,NaN,NaN,NaN,NaN,NaN,NaN,NaN,NaN,NaN,2009,6,21,1905,1,-55.945,47.716,1
TE,CG2676  09,9948,,,,83099,,,,NaN,5,NaN,NaN,NaN,NaN,NaN,NaN,NaN,NaN,NaN,NaN,NaN,NaN,NaN,NaN,NaN,NaN,NaN,NaN,NaN,2009,6,21,2130,1,-55.771,47.904,1
TE,CG2676  09,9893,,,,83099,,,,NaN,265,NaN,NaN,NaN,NaN,NaN,NaN,NaN,NaN,NaN,NaN,NaN,NaN,NaN,NaN,NaN,NaN,NaN,NaN,NaN,2009,6,22,1200,1,-56.117,47.689,1
TE,CG2676  09,9892,,,,83099,,,,NaN,650,NaN,NaN,NaN,NaN,NaN,NaN,NaN,NaN,NaN,NaN,NaN,NaN,NaN,NaN,NaN,NaN,NaN,NaN,NaN,2009,6,22,1245,1,-56.127,47.687,1
TE,CG2676  09,9891,,,,83099,,,,NaN,780,NaN,NaN,NaN,NaN,NaN,NaN,NaN,NaN,NaN,NaN,NaN,NaN,NaN,NaN,NaN,NaN,NaN,NaN,NaN,2009,6,22,1350,1,-56.137,47.685,1
TE,CG2676  09,9890,,,,83099,,,,NaN,200,NaN,NaN,NaN,NaN,NaN,NaN,NaN,NaN,NaN,NaN,NaN,NaN,NaN,NaN,NaN,NaN,NaN,NaN,NaN,2009,6,22,1450,1,-56.147,47.682,1
TE,CG2676  09,9889,,,,83099,,,,NaN,83,NaN,NaN,NaN,NaN,NaN,NaN,NaN,NaN,NaN,NaN,NaN,NaN,NaN,NaN,NaN,NaN,NaN,NaN,NaN,2009,6,22,1515,1,-56.151,47.632,1
TE,CG2676  09,9888,,,,83099,,,,NaN,520,NaN,NaN,NaN,NaN,NaN,NaN,NaN,NaN,NaN,NaN,NaN,NaN,NaN,NaN,NaN,NaN,NaN,NaN,NaN,2009,6,22,1555,1,-56.138,47.631,1
TE,CG2676  09,9947,,,,83099,,,,NaN,50,NaN,NaN,NaN,NaN,NaN,NaN,NaN,NaN,NaN,NaN,NaN,NaN,NaN,NaN,NaN,NaN,NaN,NaN,NaN,2009,6,23,940,1,-55.812,47.89,1
TE,CG2676  09,9946,,,,83099,,,,NaN,80,NaN,NaN,NaN,NaN,NaN,NaN,NaN,NaN,NaN,NaN,NaN,NaN,NaN,NaN,NaN,NaN,NaN,NaN,NaN,2009,6,23,1010,1,-55.807,47.871,1
TE,CG2676  09,9945,,,,83099,,,,NaN,110,NaN,NaN,NaN,NaN,NaN,NaN,NaN,NaN,NaN,NaN,NaN,NaN,NaN,NaN,NaN,NaN,NaN,NaN,NaN,2009,6,23,1030,1,-55.818,47.854,1
TE,CG2676  09,9944,,,,83099,,,,NaN,170,NaN,NaN,NaN,NaN,NaN,NaN,NaN,NaN,NaN,NaN,NaN,NaN,NaN,NaN,NaN,NaN,NaN,NaN,NaN,2009,6,23,1055,1,-55.839,47.821,1
TE,CG2676  09,9943,,,,83099,,,,NaN,150,NaN,NaN,NaN,NaN,NaN,NaN,NaN,NaN,NaN,NaN,NaN,NaN,NaN,NaN,NaN,NaN,NaN,NaN,NaN,2009,6,23,1120,1,-55.832,47.789,1
TE,CG2676  09,9942,,,,83099,,,,NaN,85,NaN,NaN,NaN,NaN,NaN,NaN,NaN,NaN,NaN,NaN,NaN,NaN,NaN,NaN,NaN,NaN,NaN,NaN,NaN,2009,6,23,1145,1,-55.842,47.767,1
TE,CG2676  09,9941,,,,83099,,,,NaN,170,NaN,NaN,NaN,NaN,NaN,NaN,NaN,NaN,NaN,NaN,NaN,NaN,NaN,NaN,NaN,NaN,NaN,NaN,NaN,2009,6,23,1210,1,-55.871,47.747,1
TE,CG2676  09,9940,,,,83099,,,,NaN,135,NaN,NaN,NaN,NaN,NaN,NaN,NaN,NaN,NaN,NaN,NaN,NaN,NaN,NaN,NaN,NaN,NaN,NaN,NaN,2009,6,23,1240,1,-55.859,47.733,1
TE,CG2676  09,9939,,,,83099,,,,NaN,216,NaN,NaN,NaN,NaN,NaN,NaN,NaN,NaN,NaN,NaN,NaN,NaN,NaN,NaN,NaN,NaN,NaN,NaN,NaN,2009,6,23,1315,1,-55.912,47.717,1
TE,CG2676  09,9938,,,,83099,,,,NaN,225,NaN,NaN,NaN,NaN,NaN,NaN,NaN,NaN,NaN,NaN,NaN,NaN,NaN,NaN,NaN,NaN,NaN,NaN,NaN,2009,6,23,1345,1,-55.916,47.7,1
TE,CG2676  09,9937,,,,83099,,,,NaN,246,NaN,NaN,NaN,NaN,NaN,NaN,NaN,NaN,NaN,NaN,NaN,NaN,NaN,NaN,NaN,NaN,NaN,NaN,NaN,2009,6,23,1440,1,-55.908,47.711,1
TE,CG2676  09,9936,,,,83099,,,,NaN,60,NaN,NaN,NaN,NaN,NaN,NaN,NaN,NaN,NaN,NaN,NaN,NaN,NaN,NaN,NaN,NaN,NaN,NaN,NaN,2009,6,23,1510,1,-55.901,47.706,1
TE,CG2676  09,9935,,,,83099,,,,NaN,60,NaN,NaN,NaN,NaN,NaN,NaN,NaN,NaN,NaN,NaN,NaN,NaN,NaN,NaN,NaN,NaN,NaN,NaN,NaN,2009,6,23,1530,1,-55.917,47.723,1
TE,CG2676  09,9934,,,,83099,,,,NaN,160,NaN,NaN,NaN,NaN,NaN,NaN,NaN,NaN,NaN,NaN,NaN,NaN,NaN,NaN,NaN,NaN,NaN,NaN,NaN,2009,6,23,1555,1,-55.884,47.723,1
TE,CG2676  09,9933,,,,83099,,,,NaN,135,NaN,NaN,NaN,NaN,NaN,NaN,NaN,NaN,NaN,NaN,NaN,NaN,NaN,NaN,NaN,NaN,NaN,NaN,NaN,2009,6,23,1640,1,-55.854,47.755,1
TE,CG2676  09,9932,,,,83099,,,,NaN,25,NaN,NaN,NaN,NaN,NaN,NaN,NaN,NaN,NaN,NaN,NaN,NaN,NaN,NaN,NaN,NaN,NaN,NaN,NaN,2009,6,23,1705,1,-55.818,47.771,1
TE,CG2676  09,9931,,,,83099,,,,NaN,22,NaN,NaN,NaN,NaN,NaN,NaN,NaN,NaN,NaN,NaN,NaN,NaN,NaN,NaN,NaN,NaN,NaN,NaN,NaN,2009,6,23,1805,1,-55.809,47.798,1
TE,CG2676  09,9930,,,,83099,,,,NaN,10,NaN,NaN,NaN,NaN,NaN,NaN,NaN,NaN,NaN,NaN,NaN,NaN,NaN,NaN,NaN,NaN,NaN,NaN,NaN,2009,6,23,1845,1,-55.83,47.864,1
TE,CG2676  09,9929,,,,83099,,,,NaN,9,NaN,NaN,NaN,NaN,NaN,NaN,NaN,NaN,NaN,NaN,NaN,NaN,NaN,NaN,NaN,NaN,NaN,NaN,NaN,2009,6,23,1910,1,-55.797,47.864,1
TE,CG2676  09,9928,,,,83099,,,,NaN,35,NaN,NaN,NaN,NaN,NaN,NaN,NaN,NaN,NaN,NaN,NaN,NaN,NaN,NaN,NaN,NaN,NaN,NaN,NaN,2009,6,23,2010,1,-55.794,47.904,1
TE,CG2676  09,9927,,,,83099,,,,NaN,6,NaN,NaN,NaN,NaN,NaN,NaN,NaN,NaN,NaN,NaN,NaN,NaN,NaN,NaN,NaN,NaN,NaN,NaN,NaN,2009,6,23,2026,1,-55.772,47.914,1
CD,18VD13011 ,101,,SBE 25,101,,,S0281,,NaN,320,NaN,NaN,NaN,NaN,NaN,NaN,NaN,8,NaN,NaN,NaN,NaN,NaN,NaN,NaN,NaN,NaN,NaN,NaN,2013,5,9,1102,1,-55.7617,47.64,1
CD,18VD13011 ,108,,SBE 25,108,,,S0281,,NaN,39,NaN,NaN,NaN,NaN,NaN,NaN,NaN,8,NaN,NaN,NaN,NaN,NaN,NaN,NaN,NaN,NaN,NaN,NaN,2013,5,9,1630,1,-56.1083,47.63,1
CD,18VD13011 ,109,,SBE 25,109,,,S0281,,NaN,339,NaN,NaN,NaN,NaN,NaN,NaN,NaN,8,NaN,NaN,NaN,NaN,NaN,NaN,NaN,NaN,NaN,NaN,NaN,2013,5,9,1643,1,-56.1233,47.63,1
